org_id,org_nr,date,date_readable,day
org1_0615,1,0615,June 15,42
org5_0523,5,0523,May 23,19
org1_0523,1,0523,May 23,19
org5_0609,5,0609,June 9,36
org6_0518,6,0518,May 18,14
org4_0609,4,0609,June 9,36
org2_0530,2,0530,May 30,26
org3_0602,3,0602,June 2,29
org4_0615,4,0615,June 15,42
org1_0530,1,0530,May 30,26
org5_0530,5,0530,May 30,26
org5_0518,5,0518,May 18,14
org8_0523,8,0523,May 23,19
org4_0530,4,0530,May 30,26
org3_0615,3,0615,June 15,42
org9_0518,9,0518,May 18,14
org1_0707,1,0707,July 7,64
org4_0602,4,0602,June 2,29
org7_0530,7,0530,May 30,26
org2_0602,2,0602,June 2,29
org7_0518,7,0518,May 18,14
org2_0609,2,0609,June 9,36
org1_0622,1,0622,June 22,49
org2_0518,2,0518,May 18,14
org6_0523,6,0523,May 23,19
org4_0518,4,0518,May 18,14
org8_0518,8,0518,May 18,14
org1_0609,1,0609,June 9,36
org3_0518,3,0518,May 18,14
org2_0622,2,0622,June 22,49
org6_0602,6,0602,June 2,29
org6_0530,6,0530,May 30,26
org2_0523,2,0523,May 23,19
org3_0609,3,0609,June 9,36
org3_0622,3,0622,June 22,49
org5_0602,5,0602,June 2,29
org4_0523,4,0523,May 23,19
org2_0630,2,0630,June 30,56
org3_0530,3,0530,May 30,26
org1_0518,1,0518,May 18,14
org1_0630,1,0630,June 30,56
org7_0523,7,0523,May 23,19
org2_0615,2,0615,June 15,42
org1_0602,1,0602,June 2,29
org3_0523,3,0523,May 23,19
