Stroma, ICG; POLYGON; 255, 255, 255; 449,19;451,19;452,19;454,19;457,19;460,22;463,25;464,27;467,29;471,32;473,33;476,35;480,37;482,40;486,41;489,43;491,47;494,47;496,48;500,50;503,51;505,52;507,53;508,54;509,55;511,55;513,57;516,58;518,58;521,60;524,61;526,61;527,61;528,62;530,63;531,63;533,64;535,66;538,66;540,68;542,69;543,69;544,69;545,69;546,70;548,71;549,73;551,73;552,74;553,74;554,75;555,75;556,75;558,76;559,77;560,79;561,79;564,82;566,83;568,85;570,85;571,86;572,86;572,87;573,88;575,88;576,90;577,91;578,92;578,93;579,93;581,95;582,96;583,97;584,97;585,99;586,99;588,100;589,100;590,102;593,102;595,103;597,104;600,105;605,107;608,107;611,110;614,110;616,111;619,112;619,113;621,114;622,115;624,116;628,118;629,119;633,120;634,120;636,121;638,123;639,124;641,125;644,127;645,129;646,129;647,129;648,131;651,131;653,132;657,135;659,135;661,138;665,140;667,144;672,147;673,147;676,148;678,148;679,150;680,151;683,152;685,153;687,155;691,157;695,158;700,161;701,161;704,163;706,163;710,166;712,166;714,168;717,169;720,172;723,173;728,178;733,183;735,184;737,186;741,188;744,191;749,193;753,195;759,197;764,200;768,202;774,204;780,207;785,209;789,211;792,213;797,215;802,217;806,219;811,222;815,225;820,228;826,232;831,236;836,238;839,241;843,244;846,246;849,248;853,250;856,252;858,254;860,256;863,258;868,260;872,261;877,264;878,265;882,267;885,268;886,270;888,272;890,273;893,275;895,276;898,278;900,280;901,281;904,283;906,284;909,287;911,288;913,290;916,293;920,296;923,298;926,300;931,303;933,304;936,306;938,307;940,310;944,312;946,315;950,318;953,321;955,323;957,325;961,329;966,334;971,335;972,336;974,338;975,341;976,343;979,347;981,350;981,352;983,355;984,357;984,359;984,361;985,362;985,363;985,366;985,368;985,369;985,371;985,374;985,375;985,379;985,381;985,382;985,385;985,387;985,388;985,392;985,394;984,398;984,399;984,402;984,405;984,406;984,408;984,411;983,413;983,415;983,418;983,421;983,424;983,426;983,430;983,433;982,436;982,439;981,442;981,445;980,449;979,452;978,456;978,459;977,463;976,464;974,466;974,467;973,468;971,470;969,471;964,474;960,475;956,475;953,476;949,477;946,477;941,477;934,477;926,477;917,477;905,477;893,477;881,477;869,477;859,477;847,477;835,477;823,477;812,477;802,476;791,475;780,474;771,474;763,474;755,474;748,474;741,474;735,474;726,473;718,471;709,468;699,467;690,466;681,464;674,462;666,460;659,459;651,458;643,457;635,456;625,456;616,456;607,456;596,455;585,454;576,452;566,450;557,448;548,446;540,445;533,443;526,442;519,441;514,440;507,438;500,437;493,436;486,435;481,435;475,435;471,435;467,435;464,435;460,435;454,436;449,437;443,438;437,439;436,441;434,442;430,444;426,446;421,448;418,448;414,448;411,448;408,448;405,448;404,448;402,448;401,448;399,448;398,448;397,448;395,448;393,448;390,448;386,448;384,448;381,448;378,448;376,448;374,448;371,448;370,448;368,448;367,448;365,448;363,448;362,448;360,448;358,448;356,448;355,448;353,449;352,450;351,450;349,452;348,452;345,452;343,452;341,452;339,452;336,452;332,452;330,452;327,452;326,452;324,452;323,452;322,452;321,453;319,454;317,454;316,454;315,455;313,455;312,456;312,457;310,459;308,461;307,462;306,463;305,464;305,465;303,466;303,467;302,468;301,471;300,473;299,473;298,474;297,475;295,477;295,478;293,478;292,478;292,479;291,479;288,481;288,482;286,484;284,486;282,487;279,489;277,490;274,491;274,492;273,492;272,493;271,493;269,493;267,494;265,494;264,494;262,494;260,494;256,494;254,494;253,495;249,495;248,495;245,495;241,495;237,495;234,495;231,495;227,495;226,495;223,495;221,495;218,494;216,494;214,494;210,493;205,492;201,492;196,491;193,490;189,489;188,488;185,488;180,486;178,485;176,484;173,484;168,482;164,481;160,479;156,478;153,477;150,475;147,473;143,472;140,469;135,467;132,466;129,464;125,462;124,461;123,460;121,459;119,456;118,455;116,454;115,452;111,450;111,449;109,448;108,447;106,447;104,443;103,443;100,442;97,441;94,439;91,435;88,435;84,433;81,432;78,431;76,430;74,429;72,428;71,426;69,425;67,422;65,421;61,418;58,414;57,413;56,412;53,410;52,408;50,406;48,403;45,399;43,396;43,393;41,390;41,385;40,382;40,380;40,377;40,374;40,371;39,367;39,363;39,358;39,353;39,348;39,343;39,337;39,330;39,324;39,317;39,309;41,301;41,294;43,287;45,280;48,273;50,266;51,260;53,254;54,249;56,243;58,237;60,231;62,226;64,220;66,214;68,207;70,201;72,196;73,190;74,185;76,181;78,176;80,171;83,166;86,160;89,154;92,147;96,141;99,135;102,129;105,123;106,118;108,113;110,107;112,103;114,98;116,94;117,90;119,87;120,86;122,82;123,81;125,79;126,78;126,76;128,75;131,74;133,72;135,70;137,70;139,68;140,67;141,66;141,65;144,62;144,61;146,60;148,58;150,58;151,56;152,56;153,56;155,55;156,55;157,55;158,54;159,54;164,53;165,52;168,50;170,49;172,47;174,46;178,44;179,42;181,41;181,40;182,40;185,37;186,37;188,36;190,34;192,34;194,32;197,31;202,29;205,27;208,26;211,25;214,25;218,23;220,23;222,23;226,23;229,23;233,23;235,23;239,23;241,23;244,23;246,23;249,23;251,23;254,23;257,23;259,23;261,23;265,23;267,23;270,24;274,25;279,26;284,26;290,27;294,28;300,28;305,29;311,30;315,31;319,31;324,31;327,31;330,31;333,31;335,31;337,31;340,31;343,31;347,31;351,31;355,31;358,31;361,31;364,31;367,30;370,30;371,30;372,28;373,28;375,28;376,26;379,25;381,25;384,25;387,24;390,23;393,22;396,22;399,21;400,21;402,21;404,19;407,19;410,19;412,19;413,19;414,19;416,19;418,18;419,18;420,17;421,17;422,17;423,17;424,17;425,17;426,17;427,17;429,16;430,16;432,16;433,16;434,15;436,15;438,15;441,15;444,15;446,15;449,15;451,15;452,15;453,15;454,15;455,16;455,17;
Stroma, ICG; POLYGON; 255, 255, 255; 439,32;438,32;438,30;437,28;436,27;435,26;435,25;433,24;432,23;429,22;428,22;427,21;424,21;423,21;419,19;418,19;415,18;412,18;409,18;407,17;403,16;399,15;394,14;391,14;390,14;388,14;387,14;384,13;383,13;381,13;378,12;375,12;373,10;371,10;369,10;366,10;365,10;362,10;361,10;359,10;356,10;355,10;352,10;349,10;346,10;343,10;340,10;336,10;332,10;329,10;326,10;323,10;319,10;316,10;312,10;310,10;306,10;303,10;300,10;297,10;295,10;294,10;292,10;290,10;289,10;287,10;284,10;281,10;278,10;275,10;271,10;267,10;263,10;261,10;258,10;255,10;252,10;250,10;249,10;247,11;247,12;246,12;244,12;243,12;242,12;238,12;236,12;234,12;233,12;232,12;230,14;229,15;227,15;225,16;222,18;221,18;219,18;218,18;216,19;214,20;213,20;212,21;211,21;210,22;208,23;207,25;206,26;205,26;202,28;200,28;199,29;198,30;196,30;195,31;192,32;190,32;188,33;187,33;185,33;183,35;181,36;179,37;179,38;178,39;177,39;176,40;174,41;174,42;173,44;170,45;169,46;166,48;164,50;162,51;161,52;159,54;158,55;156,58;155,60;154,65;152,69;152,71;152,74;152,78;152,81;152,84;152,87;152,90;152,93;152,94;152,97;152,100;154,103;155,106;
Stroma, ICG; POLYGON; 255, 255, 255; 800,237;800,236;800,235;800,234;800,232;800,231;800,230;800,229;800,226;799,224;798,223;798,221;797,220;796,219;796,218;796,217;794,216;794,215;793,214;792,212;792,211;792,209;791,209;791,208;790,207;789,206;789,204;788,203;787,203;786,202;785,201;785,199;783,197;782,196;782,195;781,193;780,191;779,191;779,189;778,188;778,187;776,185;776,184;775,182;773,180;772,179;771,178;769,176;768,175;767,174;767,173;766,173;764,171;762,170;760,169;758,167;756,166;755,166;752,165;752,164;750,164;747,162;742,158;738,156;735,154;730,151;726,149;722,147;721,146;718,143;716,142;713,139;711,136;708,134;707,133;704,131;700,129;697,126;693,123;691,122;688,119;684,117;681,114;678,112;675,110;674,109;672,108;669,105;667,104;662,101;659,99;657,97;654,96;652,95;650,92;647,90;646,90;643,90;639,87;637,85;635,83;633,83;630,82;627,79;624,78;619,75;616,72;611,69;608,68;603,66;601,65;598,63;594,61;590,59;585,58;582,56;579,55;576,54;573,53;571,51;567,50;562,48;558,47;555,46;553,46;549,45;548,44;546,43;545,42;544,42;543,42;542,42;541,41;539,40;537,40;535,39;534,39;533,39;532,39;531,39;529,39;528,39;527,39;526,39;525,39;523,39;520,39;519,38;518,38;516,37;514,37;514,36;513,36;512,36;511,35;510,35;509,35;508,34;507,34;506,33;505,33;503,31;502,30;501,30;500,30;499,29;496,28;495,27;492,26;491,25;489,23;488,23;486,22;484,22;483,22;481,22;478,22;476,22;474,22;472,22;470,22;466,22;464,22;462,22;458,24;455,29;452,31;449,35;447,37;443,42;443,44;442,45;441,46;439,49;438,50;438,52;437,52;436,54;436,56;434,59;434,61;433,63;432,66;431,68;429,72;425,77;422,80;421,83;420,85;
Stroma, ICG; POLYGON; 255, 255, 255; 302,461;302,462;303,462;305,462;306,462;307,463;309,464;310,464;311,465;312,465;313,465;314,466;315,466;316,466;317,466;318,467;319,468;320,468;321,468;322,469;323,469;324,469;325,469;326,471;327,471;327,472;328,472;329,473;331,473;332,474;333,474;334,475;335,476;335,477;337,478;338,478;338,479;339,479;340,479;340,480;340,481;341,482;341,483;342,483;343,483;343,484;345,485;347,486;349,487;350,487;351,487;352,487;353,487;355,489;357,489;358,489;360,489;362,489;363,489;364,489;366,489;368,489;369,489;370,491;373,492;373,493;374,493;374,494;374,495;374,496;374,497;374,499;374,500;374,501;374,502;373,503;371,504;371,505;370,506;368,508;368,509;367,510;366,512;365,513;365,514;365,515;364,516;364,518;364,520;364,521;364,522;364,523;364,525;364,527;364,531;364,533;366,536;367,538;367,541;369,545;371,549;373,554;373,557;375,560;377,563;377,565;380,567;380,568;382,573;382,575;384,578;385,581;386,583;388,588;390,592;391,595;393,600;395,604;397,609;397,612;397,615;397,616;397,619;397,621;398,624;399,627;399,630;400,630;401,632;401,634;401,636;402,640;402,641;402,643;403,646;404,647;404,649;406,650;406,651;406,652;407,653;408,655;408,656;409,658;412,663;413,664;417,668;421,669;423,672;426,673;429,674;431,676;433,677;435,678;439,680;441,682;444,683;449,686;455,689;460,692;466,695;472,698;478,701;484,705;490,708;496,711;503,713;509,715;514,716;520,718;525,719;529,720;532,720;533,721;534,721;535,721;536,721;536,723;536,724;538,725;538,726;538,727;538,728;540,730;540,731;540,732;541,732;541,734;542,735;542,737;543,739;543,740;544,741;544,742;544,743;546,744;546,745;547,746;547,747;548,749;549,751;550,752;550,754;552,756;553,757;554,759;554,761;555,762;555,763;556,766;557,767;558,768;560,770;560,773;562,776;563,777;563,778;564,780;565,781;565,782;567,785;567,786;568,789;570,790;573,793;575,795;577,796;578,797;581,801;585,802;587,804;589,804;592,806;594,807;599,808;601,809;604,810;606,811;610,813;614,815;616,815;619,816;622,817;625,817;629,817;633,817;637,818;640,819;645,819;648,820;651,821;654,821;657,822;660,822;663,822;666,822;668,822;671,822;672,822;675,822;678,822;681,822;684,822;687,822;689,822;692,822;695,822;698,821;700,820;703,819;705,818;707,818;710,818;712,818;715,818;720,817;725,817;731,816;735,815;739,815;744,814;747,813;750,812;753,811;756,811;760,811;764,810;767,810;770,809;774,808;777,807;780,807;783,806;787,806;792,806;798,806;804,806;810,806;815,806;820,805;824,804;828,803;832,803;837,803;842,802;847,801;851,801;855,799;859,797;862,795;865,794;867,793;869,791;874,787;874,786;876,786;879,783;881,782;883,780;886,780;888,777;889,777;891,775;894,773;898,770;901,768;903,766;906,764;909,764;911,762;912,760;914,759;916,759;918,759;919,757;923,754;924,753;926,751;928,749;929,747;931,745;935,743;938,742;941,739;943,739;946,737;948,737;950,736;950,735;952,733;953,733;953,732;955,730;956,730;958,729;959,726;960,724;962,723;963,722;964,721;965,719;965,718;965,716;967,715;967,714;968,712;968,711;970,709;970,707;972,703;973,702;973,700;974,699;974,697;975,696;975,694;975,692;977,691;977,690;978,689;978,687;979,686;980,684;980,681;980,680;980,678;980,675;981,673;982,671;982,668;982,665;982,664;982,662;982,660;982,657;983,654;983,653;984,651;984,649;984,646;984,642;984,637;984,633;984,629;984,625;984,622;984,619;984,616;984,613;984,611;984,609;984,605;984,603;984,599;984,597;984,594;984,591;984,588;984,586;984,583;984,579;984,577;984,576;984,574;984,571;984,570;984,567;984,565;984,564;985,561;986,560;986,558;986,557;986,554;986,553;987,552;987,549;987,547;988,545;988,542;989,540;990,539;990,537;990,536;990,533;991,531;991,530;992,528;992,526;992,525;994,522;995,520;995,519;995,518;995,516;995,514;995,513;995,511;996,508;997,506;997,502;997,501;997,500;998,496;998,494;998,491;998,488;998,486;998,483;998,481;998,477;998,476;998,474;998,471;998,469;998,466;998,464;998,462;998,460;998,456;997,453;997,451;997,449;997,448;997,445;997,444;997,442;997,439;997,438;997,436;997,435;996,432;996,431;996,430;996,427;996,424;996,423;996,421;995,419;995,417;995,415;994,412;993,410;991,408;987,403;983,400;981,398;978,395;975,395;974,393;972,393;970,391;967,391;964,390;963,390;961,390;957,390;955,390;951,390;944,390;936,391;927,392;917,393;906,395;894,396;882,397;870,398;857,399;842,400;824,400;802,400;778,400;751,400;721,400;691,400;658,400;631,400;606,400;584,400;562,400;546,400;531,400;519,400;509,401;501,402;494,402;
Stroma, ICG; POLYGON; 255, 255, 255; 347,459;347,460;346,462;345,463;344,464;343,465;341,466;340,467;339,467;337,467;336,467;335,467;334,467;333,467;332,467;331,467;330,467;328,467;326,467;324,467;323,467;322,467;321,467;319,467;318,467;317,467;314,467;311,467;310,467;309,467;308,467;307,466;307,465;305,464;303,464;303,463;301,461;300,460;299,459;299,456;299,455;299,453;299,450;299,449;299,448;299,447;300,446;300,445;301,445;305,445;309,442;312,440;314,438;318,434;319,434;320,432;322,430;324,430;327,429;329,429;332,429;336,429;339,429;343,429;
Stroma, ICG; POLYGON; 255, 255, 255; 377,500;376,501;375,502;374,502;372,502;371,504;370,504;369,505;368,505;367,505;365,506;364,506;363,506;363,507;362,507;362,508;361,508;361,510;360,510;359,511;359,512;358,513;358,514;358,515;358,516;358,517;358,518;358,519;358,520;358,521;358,522;358,523;358,524;357,526;356,526;356,527;355,527;353,529;351,531;350,532;348,533;346,533;345,533;344,534;343,534;342,534;341,535;340,535;339,537;337,537;336,537;335,537;334,537;333,537;333,538;332,538;332,539;330,539;329,539;328,540;327,540;326,542;325,543;324,543;323,543;322,543;321,543;321,544;320,544;318,545;317,545;316,545;315,545;314,545;313,545;312,545;311,545;310,545;309,545;308,545;306,545;304,545;303,545;301,545;300,544;300,542;300,541;300,539;300,538;300,536;300,535;300,534;300,533;301,533;302,533;303,532;304,531;304,530;304,529;304,528;304,527;304,526;304,525;304,524;304,523;304,522;303,520;303,518;303,517;303,516;303,515;302,514;302,513;302,512;301,511;301,510;301,509;301,507;300,505;300,504;299,502;298,502;298,501;296,501;294,499;293,498;292,497;291,497;290,495;289,495;288,493;287,493;286,493;286,492;285,491;283,490;281,490;279,488;278,487;273,482;269,480;267,480;266,479;265,479;264,477;263,476;262,475;261,474;261,473;259,473;258,473;257,473;256,473;253,471;251,471;250,471;249,471;248,471;247,472;245,472;244,472;242,472;240,473;239,473;237,473;236,474;235,474;234,474;233,474;232,474;230,474;227,474;223,474;221,474;218,474;215,474;213,474;210,472;206,471;201,470;198,468;194,467;189,466;185,465;182,465;179,464;174,463;170,462;164,461;160,460;154,459;150,458;146,458;145,458;144,458;143,458;142,458;140,458;139,458;137,458;134,458;131,458;130,458;129,459;129,460;128,460;127,461;126,461;125,461;124,461;123,461;122,461;120,461;119,461;118,461;117,461;116,461;115,461;114,461;112,462;111,462;110,463;109,463;108,465;107,465;107,466;107,467;106,469;106,470;105,472;104,474;104,475;103,478;103,479;103,481;103,484;103,486;103,487;103,490;103,491;105,493;108,496;111,500;113,502;115,505;118,507;121,509;126,513;128,513;131,516;132,516;133,518;134,519;136,520;136,521;137,522;138,522;139,524;139,525;139,526;139,527;140,528;140,530;142,531;142,534;144,536;145,537;145,538;147,539;147,540;147,541;147,544;149,545;149,546;150,550;150,551;150,552;151,553;151,555;151,557;152,557;152,558;153,561;153,562;154,564;154,565;155,568;156,570;159,574;162,577;162,580;164,582;164,583;165,584;165,586;165,587;165,589;166,589;166,590;166,591;167,592;168,593;170,595;171,595;174,596;177,600;178,600;181,600;186,601;188,602;189,602;189,603;190,603;191,604;193,605;194,605;196,607;197,609;199,610;200,612;202,613;202,614;204,614;205,615;206,615;207,617;210,620;211,621;213,625;215,625;216,626;217,627;220,630;221,631;221,633;224,635;224,637;227,640;227,641;229,642;230,645;231,646;231,647;231,648;231,651;231,652;231,654;231,658;231,660;231,664;231,667;231,670;230,672;229,674;228,677;228,678;226,681;224,684;223,685;221,688;219,690;217,693;216,694;215,695;213,699;213,700;213,704;212,705;212,706;212,707;212,708;212,711;212,712;212,714;212,716;212,717;212,718;212,719;213,720;214,722;214,723;214,724;215,724;216,726;217,726;219,728;220,729;221,729;222,730;224,731;227,731;230,732;231,733;233,733;234,734;235,735;236,735;237,735;238,735;239,735;240,735;241,735;241,736;243,736;245,737;247,737;249,738;250,738;251,739;254,740;256,741;259,742;261,742;263,742;264,743;264,744;266,744;267,744;268,744;269,744;270,745;271,745;272,745;273,745;274,745;275,745;278,745;279,745;281,746;282,746;283,746;285,746;287,746;289,746;290,746;291,746;292,746;294,746;295,746;298,747;301,748;302,748;305,748;306,748;307,748;308,748;309,748;310,748;313,748;314,748;315,748;317,748;319,748;321,748;323,748;324,748;327,748;328,748;330,748;332,748;335,749;337,750;339,751;340,751;342,751;342,753;345,754;348,755;349,755;352,756;355,756;358,756;360,757;361,757;362,757;364,758;366,759;367,759;369,759;372,759;373,759;374,759;376,759;378,759;379,759;379,760;382,760;383,761;384,761;385,761;386,762;387,762;388,762;389,762;390,762;391,762;395,762;396,762;398,762;399,762;400,762;401,762;402,763;403,763;404,764;405,764;407,765;408,766;409,766;410,766;411,766;412,766;413,767;415,767;415,768;416,768;417,768;418,769;419,769;421,771;422,771;423,771;424,772;425,773;426,773;428,773;430,774;431,774;432,774;433,774;434,774;435,775;436,776;436,777;438,778;440,779;441,780;442,780;443,780;444,780;445,781;447,781;448,782;450,783;450,784;451,784;452,784;454,786;456,787;458,787;459,787;462,787;464,788;466,789;466,790;468,790;468,791;470,791;472,792;472,793;473,793;474,793;476,793;477,793;478,793;480,794;481,794;482,796;484,796;487,796;488,796;490,796;492,797;494,797;496,797;498,798;499,798;500,798;502,799;504,799;506,799;507,800;509,801;511,801;515,802;517,803;518,804;519,805;522,805;524,806;524,807;526,807;527,807;527,808;529,809;530,810;531,810;532,810;534,811;535,812;537,812;538,813;539,813;540,814;542,815;543,816;544,816;545,816;546,817;547,818;548,818;549,819;550,820;551,820;552,820;553,821;554,821;555,822;558,822;559,823;561,824;562,824;564,824;565,824;566,824;567,824;569,824;571,825;571,826;573,826;573,827;575,827;577,828;579,828;581,828;584,829;587,830;591,832;594,832;597,834;600,836;602,836;605,837;609,839;612,840;614,841;617,842;622,843;624,843;626,844;628,844;632,844;635,845;638,846;641,847;644,847;647,847;651,848;653,849;656,849;659,850;662,850;663,850;666,850;670,850;672,850;675,850;677,850;680,850;682,850;684,850;686,850;687,850;689,850;691,850;694,850;696,850;698,850;701,850;704,848;706,848;709,848;711,847;713,847;716,847;719,847;722,847;727,846;731,845;735,845;740,844;744,842;750,841;754,840;758,839;763,839;767,838;770,837;773,837;776,836;779,836;783,836;786,835;789,835;792,834;796,833;799,832;802,832;806,831;810,830;814,829;817,828;820,827;824,827;827,825;829,824;833,824;835,823;838,821;841,820;844,820;849,818;851,816;854,815;856,813;858,813;861,809;863,808;865,806;865,803;866,800;867,797;867,794;867,791;867,787;867,783;867,779;867,774;867,768;867,763;867,757;867,751;867,743;864,733;862,723;859,715;856,705;852,696;847,687;843,677;839,669;835,662;831,656;826,648;822,641;819,634;815,627;808,617;799,605;790,593;781,583;772,573;766,566;760,560;754,555;749,550;745,546;740,542;736,537;736,536;732,532;729,528;727,526;724,521;722,519;722,518;719,516;719,513;716,510;714,508;710,505;707,500;705,497;704,495;703,493;702,492;701,492;700,492;696,492;695,492;692,492;689,492;685,493;678,495;668,497;655,501;642,504;626,508;610,511;595,514;578,515;561,516;544,516;531,516;519,516;507,516;498,516;490,516;483,516;476,516;470,516;463,516;456,516;451,516;449,515;447,515;445,513;443,512;442,510;439,509;437,508;434,506;431,505;429,503;425,503;423,502;421,501;420,501;418,500;417,500;415,500;413,500;411,499;408,499;406,498;405,498;404,498;403,498;402,497;402,496;401,494;400,494;400,493;399,492;398,491;398,490;397,490;397,489;397,488;397,487;397,486;396,484;396,483;395,483;395,485;397,487;
Stroma, ICG; POLYGON; 255, 255, 255; 604,834;604,836;604,837;604,838;604,839;605,842;605,843;605,844;605,846;605,848;605,849;605,851;605,852;605,853;605,854;605,855;605,856;605,857;605,858;605,859;605,860;605,861;606,862;606,863;606,864;607,866;608,867;608,868;608,869;610,869;610,870;610,871;610,873;610,874;610,875;610,876;610,877;610,879;610,880;610,881;610,882;610,885;610,887;611,888;611,890;612,890;612,891;613,892;615,895;615,897;618,897;618,898;619,899;622,900;623,901;625,902;626,902;628,903;631,903;635,905;636,905;639,906;640,907;642,907;644,908;647,908;649,909;650,909;653,909;654,909;658,910;659,911;661,911;663,912;664,912;667,912;670,913;672,913;674,913;676,913;677,913;681,913;683,913;685,913;687,913;689,913;693,913;695,913;697,913;698,913;700,913;701,913;703,913;706,912;707,912;710,911;711,910;714,910;715,908;717,908;720,907;722,906;724,906;724,905;725,905;726,904;727,904;730,901;733,901;734,900;738,899;742,899;746,898;748,898;751,898;752,898;754,896;756,896;757,895;760,894;761,893;763,893;764,893;767,893;769,892;771,892;772,892;773,891;775,890;779,889;782,889;783,889;787,888;790,887;794,885;797,885;798,883;800,883;801,883;802,883;805,881;807,881;811,879;813,879;815,878;818,876;821,875;822,874;824,873;825,872;827,872;830,871;832,870;836,869;838,868;842,867;844,866;844,865;846,863;847,862;850,859;852,857;854,855;857,854;858,853;860,851;861,850;862,850;862,849;863,849;866,847;868,845;871,844;873,842;874,841;875,840;877,838;878,837;880,835;881,834;884,831;886,829;887,829;891,825;892,824;894,822;897,820;898,819;900,818;902,816;905,816;906,814;910,810;910,809;913,806;915,804;918,800;920,796;922,792;923,789;925,787;928,785;931,781;935,779;936,778;938,777;941,773;944,771;946,769;947,766;948,763;948,760;948,756;948,754;948,751;948,747;948,745;948,740;948,734;948,727;947,721;946,715;945,709;943,704;941,699;938,694;933,690;928,685;922,681;915,677;906,673;899,669;891,665;882,662;873,658;863,655;852,652;840,650;828,647;816,646;804,646;793,646;781,646;771,646;760,646;749,647;740,649;
Stroma, ICG; POLYGON; 255, 255, 255; 230,713;230,715;230,716;230,717;229,720;227,722;226,723;224,727;223,729;220,733;218,738;216,740;212,745;210,746;209,747;205,752;205,753;205,755;202,758;202,759;202,761;198,764;197,765;195,766;190,769;188,770;185,772;182,774;179,776;177,777;175,779;173,779;172,780;170,783;168,784;168,785;164,785;161,786;160,787;155,789;154,789;152,790;149,791;148,791;145,792;141,793;138,794;135,795;132,796;129,797;126,798;123,799;122,799;120,800;119,800;116,800;114,800;112,800;111,800;108,800;107,800;104,801;102,802;100,802;97,802;95,803;93,803;91,804;90,804;89,804;86,805;83,806;80,806;76,807;72,807;69,809;66,809;64,809;63,809;62,809;61,809;59,809;56,809;52,809;50,809;48,808;47,807;46,806;42,803;42,802;42,798;40,794;39,792;38,789;38,787;37,785;36,782;36,780;36,777;35,774;35,770;35,768;35,765;35,762;35,758;35,753;35,748;35,743;35,737;35,732;35,726;35,722;35,717;35,713;35,709;35,703;35,698;35,692;35,687;35,683;35,677;35,673;35,670;35,667;35,664;35,661;35,658;35,655;34,652;33,649;31,646;30,642;28,638;26,633;24,629;22,624;21,621;20,617;19,614;18,609;17,605;17,602;15,597;14,593;12,587;10,581;9,576;8,570;7,566;7,561;6,557;5,553;4,548;3,543;2,537;1,533;0,529;-1,524;-1,520;-1,517;-1,513;-1,509;-1,505;-1,502;-1,498;-1,495;-1,492;-1,489;-1,486;-1,483;-1,480;-1,477;0,474;1,471;2,469;4,467;4,466;6,463;6,460;8,457;10,455;10,454;11,451;11,450;11,448;11,447;13,445;13,443;13,441;13,439;14,437;14,436;15,431;16,429;16,428;17,426;17,425;19,423;20,420;21,419;22,417;23,416;24,415;24,413;25,411;27,408;27,406;28,405;28,404;29,402;29,401;29,400;29,399;29,398;30,396;30,395;30,394;30,393;32,392;32,391;34,391;36,391;38,391;41,391;44,391;48,391;52,391;55,391;59,391;63,391;66,391;70,391;74,392;80,394;87,396;95,399;102,402;109,404;114,406;115,406;116,406;117,406;118,406;119,406;121,407;122,407;124,408;127,409;130,409;133,411;136,412;139,413;140,413;143,413;145,413;147,413;148,413;149,413;151,414;152,415;155,417;158,419;160,419;163,421;166,423;171,423;175,424;179,424;180,424;180,425;182,427;183,429;184,433;185,436;189,440;193,442;195,443;197,445;198,448;199,448;200,452;201,454;202,456;204,459;204,464;206,468;207,471;209,475;210,479;213,484;216,488;219,493;222,497;223,500;225,503;226,508;226,511;227,514;228,518;229,522;230,525;230,529;231,532;232,535;233,536;233,538;233,540;234,542;235,545;235,548;236,550;238,553;241,557;243,561;247,565;249,567;250,569;253,573;254,574;255,575;260,579;262,581;267,584;269,585;271,587;273,588;277,590;280,591;283,594;287,598;291,601;296,606;301,612;307,621;313,631;318,641;324,651;330,660;337,670;343,679;349,686;349,687;349,688;345,688;342,688;
Stroma, ICG; POLYGON; 255, 255, 255; 21,479;20,479;19,478;19,476;18,476;18,475;17,472;17,471;16,470;15,469;15,468;14,467;14,466;14,465;14,464;14,462;14,461;13,459;13,458;13,457;13,456;13,453;13,452;13,451;13,450;13,448;13,447;13,446;13,445;13,444;13,442;13,441;13,440;13,439;13,438;13,436;13,435;13,434;13,433;13,432;13,430;13,428;13,427;13,425;13,423;13,422;13,419;13,416;13,414;13,411;13,409;13,408;13,405;13,404;13,401;13,398;13,397;13,395;14,392;14,390;14,387;14,386;15,384;16,383;16,381;16,379;17,377;17,373;17,372;17,370;17,367;18,365;18,363;18,361;20,360;21,358;21,355;21,354;21,353;21,350;21,348;21,345;20,343;20,341;20,338;19,337;19,335;19,333;19,331;19,330;19,327;19,325;19,324;19,322;19,319;19,318;19,316;19,314;20,312;20,311;20,310;20,308;20,307;20,305;20,304;20,302;21,300;21,299;22,298;23,296;24,295;24,294;25,292;25,290;25,289;25,288;25,286;27,283;27,282;28,280;29,277;29,275;30,274;30,273;31,270;31,268;31,264;31,263;31,261;32,260;32,259;32,256;34,255;34,253;34,251;34,250;34,248;34,245;34,243;34,242;34,240;34,236;36,234;36,232;36,230;36,228;36,225;36,223;37,221;37,217;37,216;37,212;38,209;38,205;38,202;39,200;39,197;39,196;39,192;40,191;40,189;40,187;42,186;43,184;44,184;49,182;52,182;56,179;58,178;62,176;67,172;70,171;73,169;75,168;78,166;83,163;87,161;93,158;100,155;109,151;117,149;127,147;136,145;147,143;161,141;174,140;186,139;199,137;211,136;222,136;232,136;242,136;250,136;258,136;265,136;270,136;275,136;281,136;286,136;292,136;296,136;297,136;298,136;298,137;298,139;298,143;298,145;298,147;
Stroma, ICG; POLYGON; 255, 255, 255; 715,175;716,174;717,173;719,170;719,167;720,165;720,163;720,161;720,159;720,157;720,155;720,152;720,149;720,148;720,147;720,145;720,142;720,139;720,137;720,135;719,132;719,131;717,129;716,127;715,125;715,124;715,121;715,120;714,118;713,115;712,114;712,113;710,111;709,109;708,108;708,106;706,105;705,103;705,102;704,102;704,100;702,99;701,97;699,95;698,95;697,93;695,92;693,89;692,89;689,87;686,86;684,85;680,83;679,83;678,81;676,81;676,80;675,79;674,78;672,76;670,74;669,74;666,72;664,70;662,69;661,68;659,68;659,67;657,66;655,65;654,64;651,62;649,62;646,61;642,61;638,60;635,58;631,56;627,56;623,55;620,54;619,54;618,54;617,53;617,52;616,52;615,52;614,51;613,51;611,50;610,50;609,50;608,50;606,49;605,49;604,49;604,48;603,48;602,48;601,46;599,46;598,46;596,45;594,44;593,44;590,44;586,44;584,43;582,42;581,42;579,42;578,42;577,42;576,42;575,40;573,39;571,39;570,39;566,39;563,38;559,38;556,38;555,38;552,37;551,37;548,37;546,36;543,36;542,36;538,36;537,36;536,36;533,36;532,36;531,36;530,36;529,36;528,36;526,36;525,36;524,36;523,36;521,36;518,37;517,37;515,38;512,39;510,41;508,42;506,44;502,46;501,46;499,46;496,47;494,48;493,48;491,49;490,49;487,49;483,51;480,52;478,53;475,55;471,56;469,58;467,60;465,62;464,66;464,68;463,70;462,73;462,76;462,82;
Stroma, ICG; POLYGON; 255, 255, 255; 797,233;796,232;796,230;796,229;796,228;795,226;795,225;794,224;793,222;793,220;793,219;793,217;793,214;792,214;792,213;792,212;792,211;792,209;792,208;792,206;792,205;792,204;792,202;792,200;792,199;792,198;792,197;792,196;792,195;792,194;792,193;792,191;792,190;792,189;792,186;791,185;790,184;789,183;788,182;787,180;786,178;785,178;784,178;783,177;782,177;781,177;780,176;779,176;778,175;777,175;776,173;775,173;774,171;772,170;770,169;769,166;768,165;767,164;766,163;765,160;765,159;764,158;763,157;760,156;760,154;760,153;759,151;758,150;758,148;756,146;756,143;754,141;754,138;753,135;753,134;753,131;752,130;751,128;750,125;750,123;748,121;748,118;747,117;746,116;746,114;743,111;742,109;741,107;740,104;737,102;736,101;734,98;733,97;732,96;730,95;727,93;726,93;723,92;720,91;717,91;715,91;713,91;710,91;706,91;703,91;699,91;696,91;694,91;692,91;690,93;686,95;683,99;678,103;674,106;670,110;666,114;662,116;660,119;659,121;656,123;654,127;652,130;649,133;647,136;645,140;642,146;640,153;638,160;636,167;634,174;633,179;633,184;632,189;632,193;632,198;632,204;632,209;
Stroma, ICG; POLYGON; 255, 255, 255; 357,750;359,750;357,750;355,750;354,752;353,752;352,752;350,752;349,753;348,753;346,753;344,753;342,753;340,753;338,753;337,753;332,754;331,754;330,755;328,756;327,756;326,756;325,756;323,756;322,756;321,757;319,759;318,759;316,759;315,759;314,760;311,762;310,762;309,762;308,764;307,765;305,765;304,765;302,766;300,766;298,766;297,766;296,767;295,767;294,767;293,767;292,767;290,767;288,767;287,767;285,767;284,768;282,768;280,768;278,768;275,768;274,768;273,768;271,768;269,769;269,770;267,771;265,772;265,773;262,774;260,775;260,776;258,776;256,777;255,778;254,779;253,781;253,782;253,784;253,785;253,787;253,790;253,791;253,792;254,792;254,793;254,794;254,795;255,797;257,798;258,800;259,800;259,802;261,803;261,804;262,805;264,806;264,807;267,809;267,810;270,811;271,812;272,813;273,814;275,816;276,817;276,818;276,819;276,822;277,825;277,826;277,830;277,832;277,836;277,838;277,842;277,844;277,846;277,847;277,849;277,850;276,852;275,855;274,857;273,857;273,859;272,861;271,862;270,862;268,864;265,865;263,865;260,865;256,865;254,865;251,865;249,865;247,865;246,864;245,863;244,863;241,862;239,861;237,861;234,861;233,861;229,861;226,861;225,861;223,861;222,861;221,861;219,861;218,861;217,863;216,863;214,864;213,865;211,868;209,868;207,870;204,871;202,871;199,875;198,876;196,877;192,880;190,882;189,884;188,885;187,885;185,886;184,886;182,888;179,889;177,889;174,889;172,889;170,889;166,889;163,889;159,889;155,889;151,889;146,889;145,889;144,889;143,889;142,889;141,889;139,889;135,886;132,885;128,883;125,882;121,880;118,879;114,878;110,877;109,876;108,875;106,874;106,873;105,873;100,871;99,869;98,868;95,867;93,866;92,865;90,863;89,862;87,859;86,859;84,856;82,854;80,853;78,852;77,852;76,850;74,849;73,848;71,846;70,846;69,844;66,843;66,842;65,842;64,840;63,840;62,839;61,838;61,837;61,836;61,834;61,833;61,831;61,830;60,827;60,826;60,824;60,822;60,821;60,818;60,815;61,812;63,807;63,805;65,803;65,801;67,799;68,795;71,792;75,787;78,783;82,780;87,776;92,771;97,765;102,758;106,752;109,747;111,742;113,738;114,733;115,729;117,724;119,720;121,715;122,711;124,706;127,703;128,700;130,696;132,693;133,690;133,688;134,686;136,684;140,682;144,679;149,677;152,675;157,673;164,671;171,669;179,668;189,667;198,666;209,665;221,665;233,664;245,664;257,663;269,662;279,662;290,662;302,662;313,662;324,662;336,663;348,664;361,665;370,666;379,666;386,667;392,668;397,668;398,668;399,668;400,668;402,669;
Stroma, ICG; POLYGON; 255, 255, 255; 269,817;269,815;269,814;270,814;271,814;273,814;275,814;276,814;278,814;279,814;281,814;284,814;286,814;288,814;289,814;290,814;291,814;293,812;294,811;296,811;297,811;298,811;298,810;299,810;299,809;301,808;302,807;303,806;304,805;306,804;307,804;309,804;310,804;311,804;313,804;313,803;316,803;317,803;321,803;322,803;323,803;325,803;328,803;330,803;332,804;335,805;337,806;339,807;342,807;344,807;346,808;348,809;349,809;352,810;354,810;356,810;357,810;358,810;360,811;361,812;362,812;364,813;366,813;367,814;368,814;369,814;371,815;372,816;373,816;373,817;374,817;374,818;376,819;377,819;378,819;378,820;379,822;379,825;381,827;382,829;385,832;386,833;388,834;391,835;393,836;394,837;394,838;395,838;396,839;397,840;397,843;397,844;397,846;399,847;399,850;399,851;400,853;400,857;400,859;400,861;400,865;400,867;400,871;400,874;400,877;400,878;400,880;399,883;396,886;393,889;392,890;389,892;386,894;383,898;378,899;374,901;372,901;369,903;365,904;361,905;357,905;353,905;349,905;344,905;340,905;337,905;334,905;330,905;327,905;324,905;321,904;317,903;312,901;308,900;304,899;299,899;295,898;291,897;290,897;288,896;286,894;285,893;284,891;281,887;277,884;273,883;269,881;266,881;264,880;262,880;261,880;258,878;256,877;255,876;252,874;251,871;248,870;246,869;242,867;239,865;234,863;230,861;227,861;224,859;220,857;219,857;217,855;216,854;215,852;214,851;213,849;212,848;212,846;211,844;210,843;209,842;208,841;207,839;206,838;205,837;204,836;203,835;202,833;201,833;200,833;199,833;
Stroma, ICG; POLYGON; 255, 255, 255; 186,871;186,872;186,873;186,874;188,874;190,875;192,875;195,875;198,876;199,876;202,877;204,877;206,878;208,879;211,880;214,880;218,881;221,882;224,883;226,884;229,885;231,886;234,887;238,887;241,888;244,889;248,890;252,892;257,893;262,894;268,895;274,897;279,898;284,900;288,901;289,901;291,902;294,903;296,905;298,906;301,907;305,908;312,908;318,909;325,910;331,911;335,912;340,913;341,913;344,914;346,915;348,915;351,915;353,915;356,915;360,915;366,915;371,915;375,915;380,915;383,916;386,916;389,916;392,916;395,916;398,916;401,916;404,916;407,916;409,916;410,916;412,918;414,918;418,918;419,918;423,919;425,920;427,920;429,920;432,920;434,921;436,921;439,921;441,922;444,923;447,923;449,923;452,924;454,924;455,924;456,925;457,925;459,926;463,927;467,929;471,931;475,932;477,932;480,932;483,933;487,934;492,935;496,936;500,938;504,940;508,941;513,943;517,944;522,945;526,947;529,948;534,949;537,950;541,950;543,951;546,952;552,953;558,954;563,954;567,954;569,954;570,954;572,954;573,954;575,955;577,955;580,956;581,956;583,956;584,956;585,956;587,956;589,956;592,956;595,956;596,956;599,956;600,956;602,956;603,956;603,954;603,952;603,951;603,948;603,946;603,943;601,941;601,938;599,937;597,934;596,932;594,930;593,928;590,926;589,925;587,923;585,922;583,922;581,919;579,919;576,917;574,916;573,915;571,913;569,912;568,911;567,910;565,909;564,908;564,906;563,905;562,904;560,902;560,900;558,899;556,898;556,897;554,894;553,894;553,893;553,892;552,892;552,890;551,890;550,888;550,887;550,886;550,885;549,883;549,882;548,882;547,880;546,879;545,877;543,876;542,876;541,876;540,874;537,872;535,872;532,871;530,871;528,870;527,869;526,869;525,869;524,869;523,868;522,868;521,867;520,866;518,865;514,864;511,863;506,858;501,855;498,854;496,853;495,852;494,852;493,851;493,850;492,850;492,849;491,849;491,848;489,847;488,847;487,846;486,845;486,844;484,843;483,842;482,842;480,839;479,837;475,836;473,835;469,834;466,833;465,833;464,833;463,833;462,832;461,832;460,831;458,831;455,831;454,831;453,831;452,831;450,831;448,831;444,831;441,831;437,831;435,830;433,830;430,829;428,828;424,828;422,828;421,828;420,826;419,826;418,826;416,825;415,825;414,825;413,825;412,825;410,824;409,824;408,824;407,824;405,824;404,823;402,823;401,823;399,822;398,822;397,822;396,822;395,820;393,820;391,820;390,820;387,820;386,820;385,820;384,820;382,820;381,820;379,819;378,819;376,819;373,818;369,818;364,817;361,817;360,817;359,817;358,817;355,818;353,819;350,822;349,823;347,825;346,825;346,826;345,828;345,829;344,830;343,830;342,831;342,832;341,832;340,832;339,832;338,834;338,835;337,835;336,837;335,837;334,838;333,838;332,838;331,838;329,839;327,840;325,841;322,841;321,841;320,841;318,841;317,841;315,841;312,841;309,841;307,841;305,839;303,839;301,839;299,839;297,838;296,838;295,838;294,838;291,838;289,838;288,838;284,838;283,838;280,838;279,838;276,838;274,838;272,838;270,838;267,838;264,838;263,838;261,838;
Stroma, ICG; POLYGON; 255, 255, 255; 435,836;435,835;434,834;432,832;431,832;431,831;433,831;434,831;435,830;436,830;437,830;438,829;439,829;441,828;442,826;446,826;448,825;449,824;450,823;450,822;453,821;454,820;456,819;457,816;457,815;457,813;457,810;457,807;457,805;456,802;456,800;455,799;455,797;455,795;454,793;454,792;453,792;452,790;450,788;450,787;447,786;444,783;443,782;440,781;438,780;435,779;434,778;433,777;432,776;429,774;429,773;428,770;428,768;428,766;428,765;428,763;428,762;428,761;428,760;428,758;430,758;433,758;434,757;437,756;439,756;442,754;446,752;450,751;454,751;459,750;463,749;467,749;471,748;474,748;477,748;482,747;486,747;490,747;492,747;495,747;498,747;503,747;508,747;514,747;518,747;519,747;521,747;524,747;527,747;529,748;532,749;535,751;540,753;544,755;546,756;548,757;549,758;554,761;556,762;558,764;560,766;564,767;567,769;570,771;574,773;578,775;583,778;587,780;592,781;595,782;596,783;597,783;597,784;598,784;599,785;601,786;602,787;604,790;605,791;609,794;612,796;616,799;617,799;618,801;619,801;620,802;621,802;621,803;622,805;623,808;624,810;626,811;626,813;629,815;629,816;630,817;630,818;633,822;635,824;635,825;637,827;637,829;637,830;637,833;637,834;637,835;637,836;637,839;637,841;635,843;634,843;634,845;634,846;633,847;632,848;631,848;630,848;628,850;627,851;625,852;623,854;622,854;620,854;620,855;619,855;618,855;615,855;614,856;612,858;611,858;609,858;608,858;607,858;605,858;604,858;603,858;602,858;601,858;600,857;599,857;598,856;597,855;594,854;592,853;590,852;590,851;589,850;589,849;588,849;587,848;586,848;585,846;585,845;585,844;583,844;582,843;581,842;580,842;580,840;580,839;580,838;579,838;579,837;578,837;577,836;576,836;575,833;574,833;573,833;571,832;571,831;570,831;569,830;567,829;564,829;561,827;557,826;556,826;553,826;551,826;550,826;549,826;548,826;547,826;546,826;545,826;544,826;543,826;543,828;543,829;542,830;541,831;541,832;541,834;541,835;540,836;540,837;539,838;538,840;538,841;538,842;538,843;536,845;536,846;536,848;535,849;534,849;534,850;533,851;533,852;533,853;533,854;532,855;531,855;530,857;530,858;529,860;528,861;528,862;528,866;528,867;528,868;528,869;527,871;527,872;527,874;527,877;527,880;526,885;526,887;525,888;523,890;523,891;522,892;521,892;521,893;520,893;519,893;516,893;515,893;511,893;507,893;504,892;502,891;498,889;495,889;489,887;482,885;475,884;470,883;469,883;467,882;464,882;461,881;460,881;458,877;456,877;454,875;452,874;450,874;449,874;450,875;
Stroma, ICG; POLYGON; 255, 255, 255; 547,904;548,904;549,904;550,904;551,904;553,904;554,904;555,904;556,904;557,904;558,904;559,904;560,904;561,904;562,904;564,904;565,904;567,904;568,904;569,904;570,904;571,904;571,903;573,901;573,900;574,900;574,899;574,898;576,897;577,895;578,895;579,894;579,893;580,892;581,891;582,890;582,889;582,888;583,886;583,885;583,884;583,883;584,883;585,882;585,881;585,880;586,880;588,879;588,878;589,878;590,877;591,877;592,877;594,877;595,876;597,876;600,876;602,876;604,876;605,876;606,876;608,876;609,876;610,876;612,876;613,876;616,876;620,876;623,877;625,877;627,877;629,877;631,877;632,877;634,877;636,877;639,877;641,877;643,877;646,877;648,877;649,877;651,877;653,877;655,877;656,877;660,877;662,876;664,876;667,874;672,873;674,872;678,872;681,872;683,872;686,872;689,872;693,872;696,872;699,872;702,872;706,872;707,872;710,871;713,871;716,871;718,871;721,871;724,871;727,871;731,871;736,871;740,871;744,871;747,871;748,871;749,871;750,871;750,872;752,874;753,875;753,876;754,878;754,879;754,880;754,881;754,882;754,883;754,884;754,886;754,887;754,888;754,889;754,890;753,891;750,892;749,893;747,895;746,895;746,898;744,900;743,901;739,903;734,905;733,905;732,906;730,907;729,907;727,908;725,908;723,908;722,908;720,908;719,909;718,909;717,909;715,909;712,909;711,909;709,910;708,911;707,911;705,912;705,913;704,913;702,915;701,916;700,918;699,918;699,919;698,921;698,922;697,924;697,925;696,926;695,928;693,930;691,931;689,931;687,931;686,931;685,932;684,932;683,933;681,933;679,933;677,933;676,933;674,933;672,934;669,935;668,936;665,937;662,938;661,939;659,941;657,941;655,943;652,945;651,946;650,946;648,947;645,950;642,951;639,953;637,955;635,957;633,959;631,960;628,960;627,960;626,961;625,961;624,961;622,961;621,961;620,961;618,961;616,961;614,961;612,961;611,961;610,961;607,961;606,961;604,961;603,961;602,961;601,961;600,961;599,961;598,961;596,960;594,960;591,959;589,959;588,958;587,958;586,958;583,957;582,956;579,954;579,953;575,949;574,946;570,942;567,941;565,940;564,939;563,938;562,936;562,935;562,933;562,931;562,927;560,925;560,922;557,920;557,918;553,915;553,914;552,914;552,913;551,912;551,911;550,911;549,911;548,911;546,912;546,913;546,915;
Stroma, ICG; POLYGON; 255, 255, 255; 550,904;550,903;550,902;550,901;550,900;550,899;552,898;553,897;554,896;556,895;557,895;558,895;559,893;560,893;561,893;563,893;566,893;570,893;573,892;574,891;575,891;576,891;578,891;581,890;582,890;583,890;585,889;588,888;590,888;594,888;597,888;599,888;602,888;605,889;606,890;608,890;609,891;609,893;610,894;611,897;611,898;612,900;612,901;612,902;612,903;611,904;610,904;610,905;609,905;
Stroma, ICG; POLYGON; 255, 255, 255; 604,893;603,892;602,890;601,889;601,888;601,887;601,886;601,885;600,884;600,883;600,882;600,881;600,879;600,878;600,877;600,876;600,875;600,873;600,872;600,871;600,870;600,869;601,869;603,869;604,868;605,868;606,866;608,865;610,862;612,860;615,858;615,856;616,855;617,854;618,854;619,853;620,853;622,853;623,853;624,853;628,853;
Stroma, ICG; POLYGON; 255, 255, 255; 469,817;467,817;466,817;465,817;464,817;463,817;462,817;460,816;458,816;456,815;454,815;453,815;452,815;452,814;451,813;451,812;451,811;450,811;449,810;448,809;447,809;447,808;446,808;445,808;444,808;443,807;442,806;442,805;441,805;440,804;440,803;439,803;438,803;438,802;437,802;437,801;437,800;436,799;435,798;435,797;434,796;434,795;432,794;432,793;431,792;430,791;429,791;428,791;427,790;427,789;427,788;426,788;426,787;426,786;426,785;425,785;425,784;423,783;423,782;422,782;421,782;420,782;420,781;419,780;419,778;418,776;416,775;416,774;416,771;416,770;416,769;416,768;416,765;416,763;416,762;416,759;416,757;416,756;416,753;416,752;416,751;416,750;416,747;416,746;417,745;418,745;421,742;422,742;424,742;427,738;429,737;431,737;436,735;440,734;444,734;446,734;451,734;457,734;464,733;470,733;476,733;480,733;484,733;487,733;490,733;492,733;493,733;495,736;495,738;498,742;500,745;502,747;504,750;505,751;505,752;505,754;505,755;505,757;505,759;506,763;508,768;508,770;511,774;512,779;512,782;513,786;514,788;514,789;
Stroma, ICG; POLYGON; 255, 255, 255; 310,746;312,746;313,746;314,746;314,747;315,748;316,748;319,748;322,750;325,751;328,752;329,752;331,753;332,753;333,753;333,754;334,754;335,755;335,756;335,757;336,757;336,758;337,758;337,759;338,759;339,759;340,761;341,761;342,761;343,761;344,763;345,763;346,763;347,764;348,764;350,764;352,764;354,764;355,764;356,765;357,765;358,765;359,765;361,766;362,766;365,766;366,766;367,766;368,767;369,767;370,767;371,768;372,768;374,768;377,768;378,768;379,768;381,769;382,769;383,769;385,769;386,769;387,769;391,769;393,769;394,769;395,770;397,770;398,771;399,771;401,771;404,771;406,771;409,771;413,771;415,771;419,772;424,773;428,773;431,776;435,776;438,776;439,776;443,776;444,777;446,777;447,777;449,777;451,777;452,777;453,777;454,777;455,777;456,775;457,774;457,771;457,769;457,765;457,763;456,757;453,750;450,743;446,736;442,731;437,726;431,722;424,718;415,714;405,709;393,706;380,703;364,699;348,696;335,693;323,692;312,691;304,690;303,690;302,690;
Stroma, ICG; POLYGON; 255, 255, 255; 338,808;339,808;341,808;342,807;343,807;344,806;347,805;349,805;350,804;351,804;353,803;355,803;356,803;358,803;359,803;360,803;361,803;362,803;363,803;364,803;366,803;369,803;372,803;373,803;374,802;375,801;376,801;377,803;379,804;380,805;382,806;384,806;386,807;387,807;388,807;390,809;392,810;393,811;395,812;398,813;399,813;402,814;404,814;406,816;409,816;411,817;413,818;416,818;417,819;419,820;421,822;422,823;425,827;426,828;426,829;429,832;430,832;430,833;430,834;430,836;430,837;430,838;431,839;431,840;432,841;432,843;431,844;430,844;428,844;424,844;420,844;415,844;411,845;408,845;407,846;405,847;403,847;402,848;401,848;400,848;396,848;392,848;390,848;387,848;383,848;381,848;378,848;376,848;375,848;374,848;373,848;372,848;370,848;366,849;365,851;364,853;364,856;364,857;
Stroma, ICG; POLYGON; 255, 255, 255; 312,823;311,823;310,823;310,822;309,822;309,821;308,820;306,819;304,818;303,818;302,817;300,816;297,814;297,813;295,813;294,811;293,810;292,808;292,807;291,807;290,807;289,807;288,806;287,806;286,806;286,805;285,804;284,804;283,803;282,803;281,802;281,801;280,801;278,800;277,800;276,798;275,797;274,796;272,795;272,794;270,793;269,792;269,790;266,788;266,787;266,786;264,782;263,780;262,778;259,775;259,774;258,772;257,770;256,770;256,768;253,767;253,764;253,762;251,761;251,760;249,760;249,759;247,758;245,757;241,756;238,756;236,756;235,756;234,756;233,756;232,756;229,756;227,756;225,759;223,762;222,765;221,767;220,770;219,773;217,776;216,780;215,784;215,788;215,790;215,792;217,795;220,800;221,803;223,806;225,808;226,809;227,809;228,810;229,811;230,813;231,813;231,814;232,814;234,815;237,815;
Stroma, ICG; POLYGON; 255, 255, 255; 161,876;164,876;166,876;168,876;169,876;172,876;175,877;179,878;184,879;186,879;190,880;192,881;196,881;202,882;207,882;214,883;221,884;227,885;232,886;237,887;241,887;244,888;246,888;249,888;252,888;254,890;256,891;257,891;259,892;261,893;264,895;267,897;271,898;275,900;279,902;286,904;292,907;298,909;304,911;309,912;314,914;319,916;322,918;326,920;331,921;335,923;340,925;344,927;349,929;353,929;356,930;361,931;365,932;368,933;371,934;375,934;378,934;383,935;384,935;387,937;390,937;392,938;396,938;399,938;401,938;404,938;406,938;408,938;409,939;410,939;413,940;416,940;419,940;422,940;424,940;427,940;429,940;432,940;436,940;440,940;444,940;449,941;452,941;455,942;459,943;462,944;466,944;471,944;476,944;481,944;487,944;492,945;494,945;497,946;499,947;501,948;505,948;507,948;510,948;512,948;514,948;516,948;517,948;519,948;520,948;522,948;524,948;526,949;528,949;532,949;535,949;537,949;538,949;539,949;540,948;540,947;541,946;542,944;542,941;542,940;542,938;542,936;542,934;540,932;537,928;532,923;530,921;524,917;516,913;508,909;499,904;490,901;480,898;472,896;465,895;459,894;455,893;454,892;451,891;447,889;444,888;441,887;437,886;434,886;430,885;425,884;418,884;413,884;407,883;401,882;396,882;392,881;387,881;383,880;378,879;374,877;370,876;365,874;359,872;354,871;347,869;340,867;334,866;328,865;323,863;317,862;311,861;306,860;300,860;296,859;290,858;286,857;280,856;276,856;272,855;266,855;261,855;254,854;246,853;236,851;228,850;220,849;212,849;205,848;200,848;199,848;198,848;197,848;196,848;195,848;194,848;
Stroma, ICG; POLYGON; 255, 255, 255; 167,868;167,870;167,874;167,876;171,880;176,883;180,885;184,888;186,889;187,890;189,890;190,890;191,891;191,892;192,892;193,894;195,895;197,898;200,899;205,903;207,904;209,905;212,905;215,906;217,907;218,908;221,908;222,908;223,908;224,910;225,910;227,911;229,912;232,913;235,915;238,915;241,916;246,916;250,916;251,916;252,916;254,916;256,918;258,919;261,920;266,921;268,921;271,921;275,921;277,921;280,921;283,921;286,921;289,921;292,922;296,923;300,923;304,923;309,924;314,924;320,924;325,924;329,924;333,924;334,924;336,922;337,919;337,915;337,913;337,911;337,908;337,905;337,901;336,897;336,894;335,891;333,890;333,887;331,885;329,883;327,880;325,878;322,876;318,874;314,871;309,869;305,867;300,864;294,860;289,857;283,854;279,851;274,850;270,849;265,848;260,847;256,846;254,846;253,846;252,846;250,846;248,848;
Stroma, ICG; POLYGON; 255, 255, 255; 50,795;49,795;48,795;47,796;46,797;46,798;46,799;46,801;46,802;46,803;46,804;47,805;48,805;49,807;50,809;50,810;52,811;52,813;54,815;55,816;55,818;55,819;56,821;56,822;57,822;57,823;58,823;58,825;59,826;59,827;60,829;61,829;62,831;62,832;62,833;63,834;65,835;65,836;66,837;68,839;69,840;70,842;71,843;71,845;71,846;72,846;72,847;73,848;74,849;74,850;75,852;76,853;78,855;79,857;80,858;81,858;83,860;84,860;85,861;86,861;87,862;89,863;89,864;90,865;90,866;90,867;93,870;94,871;96,872;98,873;99,873;101,875;102,875;102,876;103,876;104,877;106,878;109,880;114,883;118,884;123,885;125,886;127,887;129,888;130,889;131,889;132,890;135,892;138,895;140,897;144,899;146,899;149,899;153,899;158,900;161,901;162,901;164,902;166,902;169,904;171,904;174,905;178,908;180,908;182,908;185,909;188,909;192,910;195,910;197,910;199,910;200,911;202,911;204,912;208,914;211,915;214,915;216,915;219,915;223,915;226,915;229,915;231,915;232,915;233,914;234,914;234,913;236,913;240,910;243,907;246,906;250,903;252,902;253,901;253,900;253,899;254,897;254,896;254,893;255,891;256,889;257,886;257,884;257,882;257,880;257,877;257,875;256,873;254,870;253,868;251,866;248,863;247,862;242,858;238,857;235,855;232,853;226,850;218,847;208,844;198,840;189,835;179,831;169,827;161,823;154,820;149,818;148,816;146,815;145,813;143,811;142,809;141,807;139,804;139,803;137,801;136,798;
Stroma, ICG; POLYGON; 255, 255, 255; 366,750;366,751;366,753;366,754;365,755;365,756;362,757;361,757;359,759;357,761;357,762;356,762;355,763;354,763;354,764;353,764;351,765;351,766;350,766;349,766;348,766;347,766;346,766;345,767;343,768;341,769;340,770;339,770;339,771;338,771;337,773;336,773;336,774;335,774;334,774;334,775;333,775;332,775;331,775;330,774;328,772;327,770;327,769;327,768;326,768;325,766;325,765;324,764;322,764;321,763;319,763;318,763;317,763;316,763;315,763;314,763;313,763;312,763;311,763;310,761;307,759;305,759;303,757;300,757;296,756;291,752;289,751;286,750;283,748;282,747;282,745;280,744;278,741;277,739;277,736;277,735;277,734;277,731;277,730;277,729;277,727;277,726;277,725;279,724;282,723;286,722;291,719;293,718;295,718;298,716;302,714;303,714;307,714;311,714;315,714;317,714;321,714;325,714;
Stroma, ICG; POLYGON; 255, 255, 255; 329,755;329,757;329,758;329,759;329,761;329,762;329,763;329,764;328,765;328,766;328,767;327,768;326,768;326,770;325,771;324,772;322,772;321,772;320,772;319,772;318,772;316,772;315,772;314,772;312,772;310,772;309,772;307,771;306,770;305,769;304,768;303,768;302,767;301,767;301,766;300,766;300,763;299,762;298,760;297,758;296,757;296,756;295,755;295,753;295,750;295,748;295,744;295,742;295,740;295,738;295,737;295,735;296,733;297,732;298,731;299,730;300,729;302,728;306,725;
Specular reflection; POLYGON; 191, 91, 22; 773,157;774,156;775,156;776,154;777,153;778,153;780,153;782,152;783,152;784,152;785,151;787,148;788,147;789,147;790,146;791,145;792,145;792,144;793,143;794,143;795,143;796,143;797,143;798,143;799,143;800,143;801,143;802,143;803,143;803,144;804,144;805,144;806,145;807,145;809,145;810,146;811,146;812,146;812,147;812,148;813,148;814,149;815,149;816,150;817,151;818,151;818,153;820,155;821,155;822,157;823,157;824,159;825,160;826,161;827,161;827,162;828,163;829,164;830,164;830,165;831,166;831,167;831,168;832,170;832,171;832,173;833,173;834,174;834,175;834,176;834,177;834,178;834,179;834,180;834,181;834,182;835,183;835,184;836,184;837,186;837,187;837,188;838,189;839,189;841,190;842,190;843,192;844,193;845,193;846,193;848,193;850,193;851,193;852,194;853,194;853,195;854,195;856,196;857,197;858,198;859,198;860,198;860,199;861,199;862,199;864,200;865,201;866,201;867,202;867,203;868,204;869,204;870,205;872,206;873,207;875,208;875,209;876,210;877,210;878,210;878,211;879,212;879,213;880,214;881,215;881,216;882,217;883,218;884,219;884,220;884,221;884,223;885,223;885,224;886,226;886,227;887,229;887,230;887,231;888,232;888,233;889,234;889,235;890,237;892,239;892,240;894,240;897,241;899,241;900,241;901,241;902,241;903,241;904,241;906,241;909,241;910,241;911,241;912,241;913,241;915,241;916,241;917,241;918,241;920,241;920,242;922,242;923,243;924,244;925,244;927,246;928,247;929,247;930,248;931,249;933,251;934,252;936,254;937,254;938,255;939,255;941,255;943,257;944,257;944,258;945,258;946,259;947,259;948,260;950,261;953,265;954,266;955,266;957,269;959,269;960,269;961,271;962,272;962,273;963,274;963,276;963,277;964,279;965,279;965,280;966,283;967,284;968,284;969,285;969,286;971,289;972,290;972,291;973,292;973,293;973,294;974,295;974,296;974,297;974,299;975,299;975,300;975,301;975,302;975,303;975,304;975,305;975,307;975,309;975,310;975,311;975,313;975,314;974,316;973,317;973,318;972,319;972,320;971,320;971,321;970,322;968,322;966,322;965,322;964,322;963,322;962,322;961,322;960,322;959,322;958,322;957,322;956,322;954,322;952,322;951,322;950,322;949,322;948,322;948,321;946,319;945,318;944,317;943,316;941,315;940,313;939,312;939,311;938,310;937,309;936,308;936,307;934,306;934,305;934,304;933,304;933,303;932,303;931,302;931,301;931,300;930,300;928,299;928,298;926,298;924,297;923,297;922,297;921,296;920,295;918,295;918,294;916,293;915,293;914,293;914,292;913,292;912,292;911,291;910,289;909,289;908,289;908,288;907,287;906,287;905,286;904,286;903,285;901,284;900,283;899,282;898,281;897,281;897,280;896,279;895,279;894,278;894,277;893,276;892,276;891,276;891,275;890,275;889,275;888,274;887,274;885,272;885,271;884,271;882,270;880,270;877,270;876,269;875,269;875,268;874,268;874,267;873,267;872,266;872,265;872,264;871,264;871,263;870,263;870,262;868,262;868,261;867,260;867,259;866,258;865,257;864,256;864,255;864,254;863,253;863,252;863,251;862,250;862,249;862,248;861,247;861,246;860,245;860,244;859,244;859,243;859,241;857,240;857,239;856,239;856,238;855,235;854,235;854,234;854,233;853,232;853,231;853,230;853,229;852,229;852,228;851,228;850,227;849,227;849,226;848,226;847,225;846,225;845,225;844,225;843,225;841,225;840,225;839,225;838,225;836,225;835,225;834,225;833,225;832,225;831,225;830,225;829,225;829,224;828,224;825,223;824,223;823,223;821,221;819,220;817,219;817,218;816,217;813,217;813,216;811,215;809,214;808,214;807,212;806,211;806,210;806,209;805,209;805,208;805,207;805,206;805,205;805,204;805,203;805,201;805,200;805,199;806,199;806,198;807,197;808,196;808,195;809,195;809,193;810,191;810,190;810,188;811,188;811,187;811,186;811,185;811,184;811,183;811,182;811,181;810,181;810,180;809,180;809,179;807,179;806,178;805,176;802,175;801,175;799,174;798,173;797,173;796,172;794,171;793,171;792,171;791,171;790,171;789,171;788,171;787,171;786,171;785,171;784,171;782,171;779,171;778,171;777,170;776,170;775,169;774,169;773,168;772,167;771,166;770,166;769,165;769,164;768,163;767,163;767,162;766,162;766,161;766,160;766,159;766,158;766,157;766,156;768,156;769,156;770,156;771,156;772,156;773,156;774,156;775,156;775,155;776,155;777,155;779,155;781,154;782,154;784,154;
Specular reflection; POLYGON; 191, 91, 22; 812,188;811,188;810,188;809,188;809,187;808,187;807,187;806,187;804,186;803,185;802,184;801,183;800,183;799,183;798,182;797,182;796,181;795,180;793,180;792,178;791,178;789,177;787,176;786,176;784,175;782,174;780,174;779,174;779,173;779,172;778,171;778,170;778,169;778,168;778,167;778,165;778,164;778,163;779,162;781,162;783,162;784,162;785,162;786,162;787,162;789,162;790,162;791,162;792,162;793,162;795,162;796,162;799,162;801,162;802,162;
Specular reflection; POLYGON; 191, 91, 22; 823,186;823,187;822,187;820,187;819,188;818,188;817,188;815,188;814,188;813,188;812,187;811,185;811,184;810,183;809,182;808,182;806,181;805,181;804,181;803,181;802,181;801,181;800,181;799,180;797,178;797,177;796,176;796,175;796,174;796,173;796,172;796,171;796,170;797,168;797,167;799,167;799,165;800,165;800,164;801,164;803,164;804,164;805,164;806,164;809,164;
Specular reflection; POLYGON; 191, 91, 22; 317,470;316,470;315,470;314,470;313,470;312,470;311,470;310,469;309,469;308,469;307,468;306,468;305,468;304,468;303,468;302,469;302,470;301,470;300,470;300,471;299,471;299,473;298,474;297,474;297,475;296,476;296,477;295,480;295,481;294,482;293,482;293,483;292,484;291,484;291,485;290,485;289,485;288,486;287,486;286,487;285,488;285,489;285,490;285,491;285,493;285,494;285,495;286,495;287,495;288,495;290,495;292,495;293,496;294,497;295,497;296,497;297,497;297,498;298,498;298,499;299,499;300,500;301,500;302,500;303,500;304,501;304,502;304,503;304,504;303,505;302,506;301,506;299,508;298,508;298,509;298,510;298,511;297,511;297,512;296,512;296,514;296,515;296,516;296,518;297,518;297,519;298,519;299,521;301,523;302,524;303,525;304,525;304,526;304,527;305,527;305,529;305,530;305,531;305,532;305,533;305,534;305,535;305,536;305,537;305,538;306,540;307,541;308,541;309,541;310,541;311,542;312,542;314,542;315,542;316,542;317,542;318,542;319,542;320,542;322,542;324,542;325,542;326,542;327,542;328,542;329,542;330,542;330,540;331,539;332,539;333,539;334,539;335,539;336,538;337,537;338,537;340,536;342,534;343,533;344,532;345,531;346,530;346,529;347,528;347,527;347,526;347,525;347,524;348,523;349,520;350,520;350,519;350,518;351,517;351,516;351,514;351,513;351,512;352,510;353,509;353,508;354,508;354,507;355,507;356,507;357,507;358,507;359,507;361,507;362,507;364,507;365,507;367,506;368,506;369,504;370,504;371,504;372,502;372,501;372,500;372,499;372,498;372,496;372,495;372,494;372,493;372,492;372,491;371,491;371,490;370,489;370,488;369,488;368,488;368,487;367,487;366,487;364,487;363,487;362,487;361,487;360,488;359,488;358,488;355,490;354,490;353,490;352,492;351,492;350,492;350,491;349,491;349,490;349,489;348,488;347,486;346,485;346,483;345,482;344,481;343,479;342,479;342,478;341,478;340,477;339,477;339,476;338,476;337,475;337,474;337,473;336,473;335,472;333,472;332,472;331,472;331,471;330,470;329,470;328,470;327,470;326,470;325,470;324,470;323,470;322,470;321,470;320,470;319,470;318,470;317,470;315,470;314,470;313,470;312,470;311,470;310,470;
Stroma, ICG; POLYGON; 255, 255, 255; 767,171;768,171;769,171;770,171;771,171;772,171;773,171;774,171;775,171;776,171;777,171;778,171;779,171;780,171;781,171;782,171;783,172;784,172;785,173;786,174;787,174;788,174;789,174;790,175;791,175;792,175;793,176;793,177;794,177;795,177;795,178;797,180;799,181;800,181;801,182;801,183;803,183;804,183;805,183;806,183;806,184;806,185;807,186;807,187;809,188;809,189;810,189;810,191;810,192;810,193;810,194;810,195;810,196;810,197;810,198;810,200;810,201;810,202;809,202;809,203;809,205;809,206;809,207;809,208;809,209;810,211;811,212;812,213;813,213;815,214;815,215;818,215;819,217;821,217;822,217;822,218;823,218;824,218;825,219;826,219;827,219;828,219;829,219;830,219;831,220;832,220;833,220;834,220;836,221;837,222;838,223;839,223;841,224;843,224;844,224;844,225;845,225;846,225;847,225;849,225;850,225;852,227;853,228;854,229;854,230;855,231;855,232;856,232;857,233;857,234;857,235;858,236;858,237;860,238;861,239;861,240;861,241;862,242;863,244;863,245;863,246;864,247;864,248;864,249;864,250;865,251;865,252;866,252;866,253;867,254;867,255;867,256;868,258;869,260;869,261;870,264;870,267;870,270;871,271;871,272;871,274;871,276;871,277;871,278;871,280;871,281;870,282;869,284;868,284;865,285;864,285;861,285;859,285;856,285;852,285;849,285;845,285;838,284;831,282;823,280;814,277;806,272;797,268;789,265;782,262;777,259;773,256;772,256;771,253;767,249;766,248;766,246;764,243;763,241;762,239;762,235;762,234;761,232;760,228;760,227;759,225;758,223;758,220;757,218;757,215;757,213;755,210;754,207;754,205;754,204;753,202;753,201;753,200;752,200;752,199;752,196;752,195;751,193;751,192;751,189;751,187;
Stroma, ICG; POLYGON; 255, 255, 255; 372,516;372,514;368,512;368,511;366,511;365,511;364,511;362,509;360,508;360,507;360,506;359,506;358,505;357,505;356,505;355,505;354,505;353,505;352,505;352,506;351,507;350,507;350,508;349,509;348,510;348,511;347,513;347,514;347,515;346,515;345,515;344,516;343,517;343,518;343,519;342,521;342,522;342,523;342,524;341,525;341,526;341,528;341,529;341,530;341,532;341,533;342,533;344,533;345,533;346,533;347,533;348,533;350,533;352,533;354,533;358,533;361,533;362,531;363,531;365,530;367,530;368,530;369,530;370,530;371,530;372,530;374,529;375,529;377,529;380,528;381,528;382,528;
Stroma, ICG; POLYGON; 255, 255, 255; 379,477;379,478;377,479;376,480;375,482;375,483;375,484;375,485;374,486;372,486;371,486;370,486;368,486;367,486;366,486;365,487;364,487;364,488;363,488;362,488;361,488;360,488;358,488;357,488;355,489;354,489;353,490;352,491;351,491;350,490;349,489;349,488;348,486;347,485;347,483;345,481;344,478;344,477;344,476;344,475;344,474;346,471;350,469;351,468;355,464;357,462;359,460;360,458;361,456;363,454;364,453;368,453;373,453;376,453;378,452;
Stroma, ICG; POLYGON; 255, 255, 255; 298,525;301,524;302,524;303,524;305,524;306,524;307,524;308,524;308,525;309,525;309,526;310,527;310,528;310,529;311,530;312,531;313,532;315,532;316,532;318,533;319,533;320,534;321,534;323,534;324,535;325,535;326,535;327,536;328,536;331,537;334,537;335,537;337,537;338,537;339,537;341,537;342,537;342,538;343,539;343,540;343,541;343,543;343,544;342,545;342,546;341,546;340,546;339,546;338,546;338,547;337,548;335,549;334,549;333,549;332,549;332,550;331,550;330,551;328,551;327,551;327,552;326,552;325,552;323,552;322,552;321,552;320,552;319,552;318,552;317,552;316,552;315,552;313,552;312,552;311,552;310,552;309,552;308,552;307,552;306,552;305,552;303,552;300,552;298,552;295,551;292,551;291,551;289,551;287,551;286,551;285,550;284,550;284,549;282,548;281,547;279,547;275,546;274,546;274,545;273,545;273,543;272,541;272,539;271,538;271,536;271,535;271,534;271,533;271,532;271,531;271,528;271,527;272,527;272,526;273,523;273,522;273,520;273,519;273,518;
Stroma, ICG; POLYGON; 255, 255, 255; 296,515;296,514;296,513;297,512;297,511;297,510;297,509;297,508;298,508;298,507;299,506;299,505;299,504;299,503;299,502;299,501;299,500;298,500;297,499;297,498;296,497;295,497;294,497;294,496;293,496;292,495;290,494;289,494;288,494;287,492;286,491;286,490;285,490;285,489;284,489;283,488;283,486;283,485;283,484;283,483;283,482;285,482;286,482;287,481;287,480;288,480;288,479;289,479;292,478;292,477;293,477;293,476;294,476;295,474;296,472;296,471;297,469;297,467;297,465;297,464;297,460;297,459;297,456;297,453;297,451;295,449;292,444;288,441;287,439;283,437;282,436;280,435;277,435;274,434;272,434;270,434;269,434;268,434;266,434;265,434;263,434;262,434;259,435;257,437;255,438;253,439;251,441;250,443;248,446;247,448;246,450;245,451;244,453;244,454;244,455;244,457;
Stroma, ICG; POLYGON; 255, 255, 255; 741,164;742,164;743,163;744,162;745,162;746,162;747,162;749,162;750,162;751,162;752,162;753,162;755,162;756,162;757,162;758,161;759,161;760,160;761,160;762,160;764,159;765,159;766,159;767,158;768,158;769,158;769,157;770,156;771,155;772,154;773,154;774,154;775,153;776,153;777,153;778,153;779,153;779,152;780,152;781,152;781,150;782,150;782,149;783,149;785,148;786,148;787,147;788,147;790,146;791,146;792,146;793,146;794,146;795,146;796,146;797,146;798,146;799,146;800,146;801,146;802,146;803,146;803,147;804,147;805,147;805,148;806,148;808,148;809,148;810,150;811,150;812,150;812,151;813,151;813,152;814,153;815,154;816,155;817,156;818,157;819,157;820,158;820,159;821,160;821,161;821,162;823,164;824,165;825,165;826,166;827,168;827,169;829,170;829,171;830,171;831,171;832,172;833,173;833,174;833,175;834,175;834,176;834,177;835,178;835,179;836,181;836,182;837,182;837,183;837,184;838,185;839,187;839,188;839,189;840,190;840,191;841,191;842,191;842,192;843,192;844,193;845,193;846,193;847,193;848,193;849,193;850,194;851,195;852,195;853,196;854,196;855,197;856,197;857,198;858,200;859,200;860,201;861,201;862,202;866,202;867,204;869,204;869,205;870,206;870,207;871,207;872,208;872,209;874,209;875,209;875,210;877,210;877,211;878,212;878,213;880,213;880,214;881,214;881,216;883,218;883,219;884,219;885,219;885,220;886,221;887,222;887,223;887,224;887,225;887,226;889,226;889,227;889,228;889,229;889,230;889,231;889,232;889,234;890,235;890,236;891,237;892,237;892,238;893,238;893,239;894,239;895,239;896,239;897,239;898,239;899,239;900,240;901,240;902,240;903,240;904,240;905,240;906,240;908,241;909,242;910,242;911,242;912,242;913,242;914,242;917,242;918,242;919,242;920,243;921,243;922,243;924,243;925,243;927,241;928,240;928,238;928,237;928,234;929,233;930,231;930,229;931,227;931,226;931,224;931,221;931,219;931,218;931,215;930,213;927,209;925,207;923,204;922,201;920,198;919,198;918,197;917,195;916,194;914,191;913,189;911,188;911,186;909,185;908,183;907,183;907,182;905,181;904,178;903,178;900,177;898,177;898,176;897,175;896,175;894,171;893,171;892,170;891,168;887,166;884,164;883,163;880,162;879,161;878,160;877,159;875,157;873,155;873,154;872,153;872,152;870,150;869,150;868,148;866,146;865,145;864,144;862,143;861,141;859,140;857,136;855,136;852,133;849,132;845,129;843,129;842,128;839,124;836,123;835,121;833,119;832,117;831,116;828,112;826,111;823,109;822,108;820,106;817,104;816,103;814,103;814,102;812,102;811,101;810,99;808,98;806,96;804,95;802,95;801,93;799,93;797,91;795,90;793,89;791,88;787,86;785,86;783,84;781,84;779,83;776,83;774,83;771,81;768,81;765,80;762,79;759,78;757,77;754,76;751,76;749,75;746,73;744,72;742,71;739,70;735,70;732,70;730,70;727,70;724,70;723,70;722,69;720,68;717,68;715,66;712,66;709,66;709,65;708,64;707,64;706,64;705,64;703,63;702,63;700,63;700,62;699,62;698,62;698,61;697,61;696,59;695,59;693,57;692,57;689,57;687,56;685,55;683,55;681,54;679,54;676,52;675,52;674,51;673,51;673,50;671,49;670,48;667,47;663,47;661,47;660,46;659,45;658,45;657,45;656,44;655,44;653,43;651,43;650,42;650,41;649,41;648,41;647,41;646,41;645,40;642,39;640,39;637,38;635,36;633,36;631,36;628,36;626,36;625,36;623,36;621,35;620,35;618,35;615,35;611,35;608,35;605,35;602,35;600,35;598,35;597,35;595,35;594,35;592,34;591,33;590,33;588,32;585,32;582,32;581,29;578,29;577,29;576,29;573,29;570,29;569,29;568,29;567,29;565,29;563,29;562,29;560,29;558,29;556,29;554,29;552,29;549,29;547,29;544,29;541,29;537,29;534,29;532,29;529,29;527,29;526,29;525,29;524,29;523,29;520,29;518,29;514,29;512,29;509,33;506,34;504,35;500,39;499,40;498,41;497,43;496,47;496,50;496,53;496,55;496,58;496,61;496,63;496,67;496,69;497,72;498,74;500,79;503,85;507,91;509,95;512,100;514,103;515,107;517,110;518,113;519,114;519,116;521,121;522,122;523,124;526,128;529,131;534,135;539,140;545,145;553,151;560,157;567,162;576,167;584,173;592,177;600,182;
Stroma, ICG; POLYGON; 255, 255, 255; 612,48;612,47;612,45;610,44;608,43;607,42;606,41;603,41;601,41;600,41;599,41;598,41;597,41;596,41;595,41;593,40;592,40;590,39;588,37;586,37;585,37;584,37;583,37;582,37;580,37;580,36;579,36;577,36;575,35;573,35;572,35;571,34;569,33;568,32;567,32;566,32;565,32;564,32;563,31;561,30;559,30;558,30;557,30;556,29;555,29;554,29;552,27;550,27;547,26;546,26;545,26;543,26;543,25;541,25;540,25;538,25;535,25;534,25;533,25;532,25;531,25;530,25;529,25;528,25;527,25;526,25;525,25;523,25;521,25;520,25;519,25;517,25;514,25;511,25;510,25;508,25;506,26;504,27;502,27;500,28;497,29;495,29;492,29;489,30;484,31;479,32;473,33;467,35;460,36;453,38;448,40;443,41;439,42;437,43;435,45;435,47;434,48;432,51;432,54;432,57;432,59;
Specular reflection; POLYGON; 191, 91, 22; 290,766;289,766;288,766;287,766;286,766;285,766;284,766;282,766;281,766;280,766;279,766;278,766;277,767;275,768;273,768;272,769;272,770;269,771;268,771;267,771;266,771;266,772;265,772;264,773;264,774;264,775;264,776;264,777;264,778;264,779;264,780;264,781;264,782;265,783;266,784;267,784;267,785;268,786;269,786;270,787;270,788;271,788;272,788;272,789;273,790;274,791;276,793;276,794;278,795;278,796;279,797;280,798;280,800;282,801;283,803;284,803;285,804;286,805;287,805;288,805;289,806;289,807;290,808;291,808;292,808;293,808;294,808;295,808;296,808;297,808;298,808;299,808;300,808;301,808;302,808;303,808;305,807;308,806;309,806;310,806;311,805;313,804;314,804;315,804;316,804;317,804;318,804;319,804;320,804;321,804;322,804;323,804;324,804;325,804;326,804;327,804;328,804;329,804;330,804;331,804;332,804;333,804;335,804;336,805;338,805;339,805;341,805;342,805;343,805;344,805;345,805;346,804;347,804;348,804;350,804;351,804;353,804;354,803;355,803;356,803;357,803;358,803;359,801;360,801;361,801;362,801;363,801;365,801;366,801;367,801;368,801;369,801;370,801;371,801;372,802;373,803;374,803;375,804;377,804;378,804;378,805;379,805;380,806;381,806;382,806;384,806;385,806;386,806;387,807;389,808;390,808;390,809;391,809;392,809;393,809;393,810;394,810;397,811;397,812;398,812;399,814;400,814;401,814;402,814;403,815;404,815;405,815;406,816;407,816;408,816;408,817;410,817;412,818;413,818;414,819;414,820;416,820;417,820;418,820;419,821;420,821;421,821;422,822;422,823;424,823;425,823;425,824;426,824;427,825;428,825;429,826;430,826;431,827;432,827;434,827;435,827;436,827;437,827;438,827;439,827;440,827;441,827;443,827;444,827;445,827;446,827;447,827;449,827;450,827;451,826;451,825;452,824;453,823;454,822;455,821;456,819;456,818;457,818;456,817;456,816;456,815;455,815;455,814;455,813;454,812;453,812;453,811;452,811;449,810;448,809;447,807;447,806;445,806;444,805;443,804;442,803;441,801;440,800;440,799;440,798;439,797;438,796;437,796;437,795;437,794;436,793;435,792;435,791;435,790;435,789;434,788;434,787;433,786;432,785;432,784;431,784;430,782;429,782;428,782;427,781;426,781;426,780;425,779;424,778;423,777;423,776;422,776;421,776;420,775;419,775;417,774;415,773;414,773;414,772;414,771;412,770;412,769;411,769;410,769;409,768;408,767;407,767;406,767;405,767;404,766;403,766;402,766;401,766;400,766;398,766;397,766;395,766;394,766;393,766;392,766;391,766;390,766;389,766;388,766;387,766;386,766;384,765;383,764;382,764;381,764;380,764;379,764;378,764;377,764;376,764;375,763;372,762;371,762;369,762;368,762;366,761;365,761;364,761;362,761;361,761;360,761;359,761;358,761;357,761;356,761;355,761;354,761;353,761;352,761;351,761;350,761;349,761;348,761;347,761;346,761;345,761;344,761;343,761;342,761;341,761;341,762;340,762;339,762;337,762;337,763;336,764;336,765;335,765;334,766;333,766;333,767;332,767;331,767;331,768;330,769;329,769;327,769;326,769;325,769;324,769;322,769;321,768;320,768;319,768;318,767;317,767;316,767;315,767;314,766;313,766;312,766;311,766;310,766;309,766;308,766;307,766;306,766;305,766;304,766;304,765;303,765;302,765;301,765;300,765;299,765;298,765;297,765;296,765;295,765;294,765;293,765;291,765;290,765;288,765;287,765;286,765;285,765;284,765;283,765;282,765;281,765;281,766;281,767;
Specular reflection; POLYGON; 191, 91, 22; 546,822;545,822;544,822;543,822;542,822;541,822;540,822;539,822;538,823;538,824;538,825;538,826;538,828;538,829;538,830;538,831;538,832;538,833;538,834;538,835;538,836;538,837;537,838;537,840;537,841;536,843;535,843;535,844;534,845;534,846;534,847;534,848;533,848;533,849;531,850;531,851;529,853;528,855;528,856;527,857;527,858;527,859;527,860;526,860;526,861;526,862;526,863;527,864;527,865;527,866;528,866;528,867;529,867;530,868;531,868;532,869;533,869;534,869;535,870;536,870;538,871;540,872;541,872;542,872;543,872;544,872;545,872;546,872;546,873;547,874;547,875;547,876;547,877;547,878;547,879;547,880;547,881;548,882;548,883;548,884;548,885;548,886;548,887;548,888;549,888;550,889;550,890;551,890;551,891;553,891;554,892;556,892;557,892;559,892;560,892;561,892;562,892;563,892;564,892;565,892;567,892;568,892;569,892;570,892;572,892;573,892;574,891;575,891;576,891;577,889;578,889;579,888;580,887;580,886;580,885;580,884;580,883;580,882;581,882;581,881;581,880;582,879;582,878;584,877;585,876;586,876;587,876;588,876;589,876;590,876;590,875;591,875;592,875;593,875;594,875;595,874;596,873;597,873;597,871;597,869;598,868;599,867;600,867;601,866;601,865;601,864;602,864;602,863;603,862;604,862;604,861;604,860;604,858;604,857;604,856;604,855;604,854;604,853;604,852;603,851;602,851;601,851;601,850;599,849;598,849;597,849;596,849;595,849;594,849;592,848;590,847;589,846;589,845;587,844;586,843;585,842;584,842;584,841;583,841;582,839;581,838;580,838;579,837;578,836;577,835;577,834;575,833;575,832;574,832;573,831;572,831;572,830;571,830;570,830;569,829;567,828;566,828;564,827;563,827;561,826;560,825;559,824;558,824;557,823;556,823;555,822;554,821;553,821;551,821;550,821;549,821;548,821;547,821;546,821;545,821;544,821;543,821;542,821;541,821;540,821;540,822;538,822;537,822;536,823;536,824;535,825;535,826;535,827;535,828;535,829;535,830;
Vein; POLYGON; 63, 72, 204; 262,951;265,952;267,952;271,952;272,952;274,953;276,953;279,953;281,953;285,953;288,953;291,953;292,953;293,953;294,953;297,953;298,953;299,953;300,953;301,953;302,953;303,953;304,953;307,953;309,953;312,954;313,954;314,954;317,954;319,954;320,954;322,954;323,954;324,954;325,954;325,956;326,956;327,956;328,956;330,956;331,956;332,956;334,955;335,955;336,955;337,955;338,955;339,955;340,955;342,955;344,954;345,954;346,954;348,954;349,954;350,954;351,954;352,954;353,954;355,954;357,954;358,954;360,954;361,954;365,954;367,954;368,954;370,954;371,954;373,954;375,954;377,954;379,954;381,954;383,954;384,954;386,954;387,954;389,954;390,954;391,954;393,954;396,954;398,954;400,954;401,954;404,954;405,954;407,954;409,955;411,956;413,956;415,957;418,957;420,958;423,958;424,958;426,958;427,959;429,959;430,959;431,959;432,959;433,959;434,959;435,961;437,961;438,962;440,963;442,963;444,963;444,964;445,964;446,964;447,964;449,964;450,964;451,964;452,964;454,964;455,964;456,964;457,964;458,964;459,965;461,965;464,965;466,965;467,966;468,966;469,966;472,967;474,968;478,969;479,969;480,969;481,969;482,969;483,970;484,970;485,971;486,971;489,971;490,972;491,972;491,973;492,973;493,975;494,975;497,976;500,978;501,978;502,978;503,979;504,980;504,981;505,981;506,981;507,982;508,983;508,984;510,984;511,984;512,986;512,987;512,988;513,988;513,989;513,990;513,991;513,992;513,993;512,993;510,993;509,993;508,993;507,993;505,993;504,993;503,993;501,993;498,993;496,993;495,993;494,993;493,993;492,993;491,993;490,993;489,993;486,993;484,993;483,993;482,993;481,993;480,993;479,993;478,993;476,993;474,993;473,993;472,993;471,993;470,993;469,993;468,993;467,993;466,993;465,993;463,993;461,993;460,993;459,991;458,991;458,990;456,990;455,990;454,990;453,990;452,990;451,990;450,990;449,990;447,989;444,988;443,988;442,988;441,988;440,988;439,988;438,988;437,987;436,987;435,986;434,986;433,986;432,986;431,986;431,985;428,985;426,984;425,983;424,983;422,983;421,982;420,982;419,982;418,982;417,982;416,982;415,982;415,981;414,981;413,981;412,981;410,981;410,980;409,980;408,980;407,980;406,980;404,980;403,980;402,980;401,980;400,980;398,980;396,980;395,980;394,979;393,979;392,979;392,978;391,978;390,978;389,978;388,978;388,977;386,977;384,975;383,975;382,974;381,974;379,973;378,973;377,973;377,972;376,972;375,972;374,971;374,970;372,970;371,970;370,970;369,969;368,969;367,969;366,969;365,969;364,969;363,969;362,969;361,969;360,969;359,969;358,969;357,969;356,969;355,969;354,969;353,969;351,969;350,969;349,969;348,969;347,969;346,969;345,969;344,969;343,969;342,969;340,969;339,969;338,969;337,969;336,970;335,970;335,971;334,971;333,971;332,971;330,972;330,973;329,973;328,973;327,972;326,972;325,971;324,970;324,969;323,969;322,968;321,968;320,968;319,968;318,968;317,968;316,968;315,968;315,967;313,967;312,967;311,967;309,967;307,967;306,967;304,967;303,967;303,968;302,968;302,969;301,969;301,970;300,970;300,971;300,973;299,975;298,977;297,978;297,980;296,981;296,982;295,982;295,983;293,985;292,987;291,987;289,988;289,989;288,989;287,990;285,991;284,991;282,991;281,991;280,991;279,991;278,991;277,991;276,991;274,991;273,991;272,991;271,991;270,990;269,990;268,990;267,990;265,990;264,990;263,990;262,990;261,990;260,989;259,989;258,989;258,988;257,987;256,987;255,985;254,984;253,983;253,980;253,979;252,979;252,978;251,978;251,977;250,976;250,975;250,973;250,972;250,971;250,970;250,969;250,967;250,966;252,966;252,965;253,964;253,963;254,961;254,960;255,960;255,959;255,958;256,957;257,956;258,955;258,954;259,954;260,953;261,952;261,951;262,950;263,949;263,948;
Vein; POLYGON; 63, 72, 204; 267,958;268,958;269,956;270,956;272,956;274,955;275,955;276,954;277,954;278,954;279,954;280,954;281,954;282,954;283,954;284,954;287,954;288,953;289,953;290,953;291,953;292,953;293,953;294,953;295,953;297,953;298,953;299,953;301,953;302,953;303,953;304,953;305,953;307,952;308,952;309,952;310,952;311,952;313,952;314,950;315,950;316,950;317,950;318,950;319,950;320,950;321,949;322,949;324,949;325,949;326,949;327,949;329,949;332,949;333,949;334,949;335,949;336,949;338,949;339,949;340,949;341,949;342,949;343,949;345,949;346,949;347,949;349,949;350,949;352,949;353,949;354,949;355,949;357,949;358,949;360,949;361,949;362,950;363,951;364,951;365,951;366,952;367,952;368,952;369,953;370,954;371,955;372,956;372,957;373,958;373,959;373,960;373,961;373,962;374,965;376,968;
Specular reflection; POLYGON; 191, 91, 22; 293,985;293,984;294,984;295,984;296,984;297,984;298,984;300,984;301,984;302,984;303,985;304,985;305,985;305,986;306,986;307,986;308,986;309,986;311,986;312,986;313,986;314,986;315,986;316,986;317,986;318,986;319,986;321,986;322,986;324,985;325,985;327,985;328,985;330,984;332,984;333,984;334,984;335,984;336,984;336,983;337,983;338,983;339,983;339,982;339,981;340,981;341,981;343,981;345,980;346,980;347,980;348,980;349,980;350,979;351,979;352,979;353,979;355,979;356,979;357,979;358,979;359,979;360,979;361,979;362,979;363,979;364,979;365,979;366,979;367,979;368,979;369,979;370,979;371,979;372,980;374,980;374,981;377,982;378,982;379,982;380,983;381,983;381,984;382,984;383,984;384,984;385,984;386,984;387,984;388,985;389,985;390,987;391,987;392,987;393,988;394,988;396,988;398,988;399,988;399,989;401,989;402,989;404,989;405,989;407,990;408,990;411,990;412,990;415,990;416,990;417,990;419,990;421,991;423,991;425,991;426,991;427,992;428,992;429,993;430,993;431,993;434,994;435,994;436,994;437,994;438,995;439,995;440,995;440,996;441,996;441,997;442,997;443,998;444,998;445,999;447,1000;448,1000;449,1001;451,1002;452,1003;453,1003;454,1004;455,1005;456,1005;457,1005;458,1005;461,1005;462,1005;463,1005;466,1005;467,1005;469,1005;470,1005;471,1006;472,1006;473,1006;474,1006;475,1006;477,1006;478,1006;479,1006;481,1006;482,1006;483,1006;484,1006;485,1006;486,1006;487,1005;487,1004;488,1003;488,1002;488,1001;488,1000;488,999;488,998;488,997;487,996;486,995;485,995;485,994;484,994;483,993;482,992;480,992;479,992;479,991;479,990;478,989;477,989;476,989;475,988;473,988;472,988;471,988;470,988;469,988;467,989;466,990;465,990;464,991;463,992;463,993;462,994;461,994;460,994;458,994;457,993;456,993;456,992;455,992;453,991;452,991;451,990;450,990;449,990;448,990;446,990;445,990;444,989;443,989;442,988;442,987;441,987;439,986;438,985;437,985;436,985;435,984;434,984;433,984;432,984;431,984;430,984;429,984;429,983;426,982;425,981;424,981;423,981;422,981;421,981;420,981;419,980;418,980;416,980;415,980;413,980;412,980;411,980;409,980;408,980;407,980;406,980;405,980;403,980;402,980;401,980;400,980;399,980;398,980;397,980;395,980;394,980;392,980;391,980;390,979;389,979;388,979;388,978;387,978;386,978;385,978;384,977;384,976;384,975;383,975;381,973;380,973;380,972;379,972;378,972;377,972;376,972;375,972;374,972;373,972;371,972;370,971;369,971;368,971;367,971;366,971;365,970;363,970;362,970;361,970;359,970;358,970;357,970;356,970;355,970;354,970;353,969;352,969;351,968;350,968;348,968;347,968;346,968;345,968;344,968;343,968;342,968;341,968;339,968;338,968;337,968;336,968;335,968;334,968;333,968;332,968;331,968;330,968;329,968;328,968;327,968;325,968;324,968;323,968;322,968;321,968;320,967;319,967;318,967;317,967;316,967;316,966;314,966;313,966;311,965;310,965;309,965;308,965;307,965;306,965;305,965;304,965;303,965;302,965;300,967;299,968;299,969;298,970;298,971;297,972;296,972;296,973;295,974;295,976;294,977;294,978;294,979;294,980;293,981;293,982;293,983;292,983;292,984;292,985;292,986;292,988;292,989;292,990;292,991;292,993;
