Stroma; POLYGON; 128, 128, 128; 297,132;299,132;300,132;301,132;303,132;306,132;308,133;312,136;315,137;319,139;323,142;329,145;335,149;341,152;347,156;352,159;357,161;361,165;365,168;369,171;373,174;378,177;382,180;387,183;392,184;396,186;401,188;401,189;403,190;405,191;408,194;411,197;416,200;419,203;423,205;425,207;429,209;433,210;437,212;441,214;444,214;447,216;452,219;458,222;465,225;473,228;481,230;488,232;496,235;501,237;507,239;513,241;517,243;522,245;525,246;528,248;532,249;532,251;537,252;539,252;540,253;541,253;542,254;545,255;547,256;552,259;553,259;554,260;557,261;558,262;559,264;560,265;561,266;562,266;564,266;565,267;567,267;569,268;570,269;573,269;574,270;576,271;578,272;581,273;582,273;583,274;584,275;586,275;588,277;590,278;590,279;591,279;592,280;593,281;593,282;594,283;595,284;597,286;599,288;600,288;602,290;603,291;606,294;608,295;612,298;615,299;617,302;620,303;624,306;628,309;633,311;638,314;643,317;648,320;653,323;659,326;665,329;672,332;679,334;685,337;690,339;696,342;702,343;708,345;712,347;717,348;723,350;728,352;734,354;740,356;744,357;749,358;753,360;758,361;762,363;765,364;768,365;772,367;774,368;777,370;781,373;783,375;784,376;787,381;788,383;791,385;795,389;795,390;798,392;800,394;803,397;805,398;806,400;808,403;809,404;811,406;811,409;813,411;814,414;817,417;818,418;818,420;818,422;820,424;821,426;821,429;822,433;824,439;825,445;827,449;828,454;829,458;829,459;829,461;830,463;831,465;832,467;832,469;832,470;832,473;832,475;832,478;832,480;832,481;831,482;830,483;826,487;825,487;821,489;817,491;814,492;809,493;806,494;801,495;794,496;787,497;780,498;773,499;766,499;758,499;750,499;742,499;734,499;728,499;722,499;717,499;711,499;706,499;700,499;694,499;687,499;680,499;675,500;669,501;663,502;658,503;652,504;645,505;637,506;629,507;620,508;610,509;601,510;593,510;586,511;579,512;572,512;565,513;559,513;550,513;542,513;534,513;526,513;518,513;510,513;502,513;495,514;489,515;480,516;472,516;463,516;452,516;441,516;429,516;417,515;405,515;394,515;385,515;375,514;367,514;359,513;350,512;340,509;330,507;320,506;309,505;298,504;289,503;279,502;271,502;265,502;259,502;254,502;248,502;243,502;237,502;232,502;225,502;220,501;213,500;207,500;202,500;198,500;194,500;190,500;185,500;180,500;175,500;170,499;165,498;159,498;155,498;151,497;150,497;147,497;145,497;143,497;141,497;137,497;135,497;132,497;128,495;126,495;122,493;118,492;114,490;112,489;108,485;104,482;102,480;100,478;96,475;91,471;87,468;83,464;78,460;76,458;75,456;72,454;71,452;70,449;68,445;65,440;64,437;61,433;59,430;57,426;55,423;54,422;51,418;51,416;50,414;47,410;45,406;42,401;40,396;38,392;37,389;37,386;36,383;35,380;35,375;35,371;35,367;35,363;35,359;35,355;35,349;35,345;35,340;35,334;36,329;37,325;38,320;40,316;41,312;43,308;46,303;49,298;51,294;54,290;57,287;59,283;62,280;64,276;67,273;68,272;71,271;74,269;77,267;82,264;84,261;87,258;88,257;90,254;93,253;95,253;98,251;99,251;103,249;104,248;107,247;110,246;111,244;112,244;115,243;117,242;120,241;122,241;126,240;129,240;133,237;138,237;139,237;141,236;142,236;145,235;146,235;148,234;149,234;150,233;152,233;155,233;158,231;160,231;163,230;165,230;167,229;169,229;170,229;171,229;173,227;174,226;175,224;176,223;178,222;181,220;182,220;184,217;185,217;186,216;186,214;186,213;187,211;188,209;188,206;188,203;189,201;189,197;189,195;189,194;189,191;189,189;189,187;189,184;189,182;189,178;188,176;186,174;185,172;185,171;185,170;184,168;184,167;184,166;183,165;182,165;180,163;180,161;180,160;180,159;180,158;180,157;180,154;183,153;184,152;186,150;187,150;190,148;191,147;192,147;196,145;197,145;200,144;201,144;204,144;208,143;210,143;213,143;215,143;218,143;220,143;221,143;223,143;224,143;226,143;227,143;229,143;232,142;235,141;238,141;239,141;241,141;244,141;245,141;248,140;250,139;251,139;254,138;255,138;256,138;257,138;259,138;261,136;262,136;265,136;266,136;268,134;270,134;271,134;273,133;274,133;275,133;276,133;278,132;279,132;280,132;281,132;282,131;283,131;285,131;286,131;289,131;290,131;292,131;293,131;294,131;297,131;299,132;301,132;303,132;304,132;305,132;306,132;306,133;309,134;312,134;
Specular reflection; POLYGON; 191, 91, 22; 487,118;486,118;485,120;484,120;484,121;483,123;480,123;478,124;477,125;476,126;475,127;474,128;473,130;471,132;471,135;470,136;468,137;467,137;466,139;465,140;465,142;464,143;464,144;464,145;464,146;464,148;464,149;464,150;464,151;465,151;465,152;466,154;470,156;474,157;479,159;483,162;485,163;487,163;488,164;488,165;489,165;489,166;490,167;491,168;491,169;491,170;491,171;492,172;492,173;493,175;496,177;497,179;498,180;500,181;501,182;502,183;504,185;507,186;508,187;509,188;509,189;510,192;511,193;514,195;517,196;522,199;526,202;528,202;529,202;530,204;531,204;533,205;535,206;537,207;539,207;539,208;540,209;541,209;542,210;544,211;545,212;546,214;548,215;549,215;549,216;551,217;553,218;555,218;556,218;558,218;559,219;560,220;561,220;562,221;566,222;569,223;570,224;571,224;571,225;573,225;575,226;576,227;577,227;579,228;582,229;583,229;588,231;589,232;591,233;592,234;593,234;595,236;596,237;597,238;599,239;602,241;604,242;607,244;608,244;608,245;609,245;610,245;611,246;612,247;614,248;616,250;617,251;618,251;619,252;620,253;622,254;623,256;625,257;626,259;627,259;629,259;631,262;632,262;633,263;634,264;635,264;636,265;638,266;640,267;642,268;643,269;644,270;645,270;646,271;647,271;648,272;649,272;649,273;649,274;651,275;652,276;653,277;654,277;655,278;656,279;658,280;659,280;659,281;660,281;661,281;663,282;665,282;666,283;667,283;669,283;671,283;674,283;676,283;679,284;680,283;681,283;681,281;681,279;682,277;682,276;682,275;682,274;682,272;682,271;682,270;682,268;682,266;682,265;682,263;682,262;682,261;682,260;682,259;682,258;682,257;681,256;681,255;680,253;679,252;678,250;677,250;676,247;674,246;674,245;673,244;672,243;671,243;671,241;668,238;666,236;665,234;663,233;661,232;660,231;660,230;659,230;658,229;656,227;654,226;652,225;651,224;648,223;647,223;647,222;646,221;646,220;645,220;645,219;643,218;642,216;641,214;639,213;638,212;637,212;636,211;635,211;634,211;632,211;631,211;629,210;628,210;626,210;625,210;624,210;623,210;622,210;620,208;618,207;616,206;615,206;613,206;612,206;611,206;610,204;609,202;608,202;607,201;605,200;603,199;602,198;602,196;599,194;598,193;596,192;593,191;593,190;591,190;590,189;588,188;586,188;584,187;581,185;579,185;578,184;576,183;575,183;573,182;572,182;572,181;571,180;569,179;567,177;566,176;565,175;564,175;563,174;561,172;560,171;560,170;559,170;559,169;558,169;558,168;557,167;556,165;555,165;553,165;552,164;551,163;550,162;549,161;549,160;548,157;548,156;548,155;548,153;548,151;548,150;547,149;545,147;545,146;545,145;545,144;544,144;544,143;544,142;544,140;543,139;541,139;540,136;539,136;537,135;536,133;535,133;534,132;533,131;533,130;532,130;530,130;529,130;527,128;526,128;525,128;523,127;522,127;521,127;518,127;516,127;514,127;513,126;512,126;511,126;511,125;510,124;508,123;507,123;505,122;503,121;502,120;500,120;499,120;498,118;497,118;495,118;493,117;492,117;491,117;489,117;487,117;486,117;485,118;484,118;483,119;482,120;
Specular reflection; POLYGON; 191, 91, 22; 274,111;273,111;273,112;272,112;272,113;271,113;270,113;269,113;268,113;266,114;264,116;262,116;261,116;259,116;256,116;253,116;251,116;249,116;248,116;247,116;245,115;243,113;241,113;240,112;239,110;238,109;237,109;236,108;236,106;235,105;235,104;235,103;235,102;235,101;235,100;235,99;235,98;235,97;235,96;234,94;234,93;234,92;234,91;234,90;234,89;234,88;235,86;235,85;237,85;237,84;238,83;239,83;240,83;242,83;243,83;246,83;248,83;249,83;250,83;252,83;253,83;255,83;258,83;259,83;260,83;261,84;262,85;263,87;264,87;265,87;267,88;268,88;269,88;271,89;272,90;273,90;273,92;275,92;276,94;277,95;278,96;278,97;280,98;281,99;281,100;282,101;282,102;283,102;283,104;283,105;283,106;283,107;283,108;283,109;283,112;283,113;282,114;282,115;282,117;281,117;279,119;278,119;276,119;275,119;273,119;271,119;270,119;268,119;267,119;266,119;265,119;264,119;263,119;262,119;260,116;259,116;259,115;257,115;256,115;
Specular reflection; POLYGON; 191, 91, 22; 160,184;160,185;159,186;157,187;157,188;155,190;155,191;155,192;154,193;153,193;152,194;152,196;152,197;151,197;151,198;150,198;150,199;150,201;149,203;148,204;148,205;148,206;148,207;148,208;148,209;148,210;149,210;150,210;150,211;151,211;153,211;154,211;155,211;156,211;157,211;158,211;159,211;161,211;162,211;163,211;164,211;165,211;165,210;166,209;167,208;168,208;169,207;169,206;171,205;172,203;172,202;173,201;173,199;174,199;174,197;174,196;176,194;177,193;177,192;178,190;179,190;179,189;179,188;179,187;179,186;179,185;179,184;179,183;179,182;177,182;175,182;174,181;173,181;172,181;171,181;170,181;169,181;168,181;167,181;166,181;165,181;163,181;163,182;162,182;160,182;160,184;158,184;157,185;157,186;156,187;155,189;155,191;155,193;
Specular reflection; POLYGON; 191, 91, 22; 783,333;782,333;781,333;780,333;779,333;778,333;777,333;776,333;775,333;774,334;772,336;771,337;770,338;770,340;770,341;770,343;769,344;768,345;768,346;767,347;767,348;767,349;767,350;767,351;767,353;767,354;766,354;766,355;766,356;766,357;766,358;766,360;766,361;766,362;766,363;767,363;768,364;769,365;769,366;770,367;772,367;774,367;775,368;776,368;777,368;778,368;779,368;780,368;781,368;782,368;784,368;785,368;787,368;789,368;790,368;791,368;792,368;793,368;794,368;795,368;797,367;798,366;799,365;801,363;801,361;801,358;802,356;802,355;802,354;802,353;802,352;802,350;802,349;802,347;802,346;802,345;802,343;800,341;800,340;798,338;796,336;796,335;795,334;794,332;794,331;792,330;792,329;791,329;789,329;788,329;786,329;784,329;783,329;782,329;782,331;781,334;781,335;780,337;779,340;779,342;779,343;779,345;
Specular reflection; POLYGON; 191, 91, 22; 773,339;772,339;771,340;770,340;770,341;770,342;770,343;769,344;769,345;769,346;769,347;769,348;768,349;768,350;767,351;767,352;766,354;766,355;766,356;766,357;766,358;766,360;766,361;766,362;766,363;767,364;768,364;770,364;772,367;773,367;774,367;775,367;777,368;780,369;781,371;782,371;783,372;783,373;784,374;785,375;787,376;789,376;790,376;791,376;792,376;793,376;794,376;795,376;795,373;795,371;795,369;795,366;795,365;795,364;795,363;795,361;794,360;794,359;793,359;792,358;
Specular reflection; POLYGON; 191, 91, 22; 777,342;776,342;774,342;772,342;771,342;769,343;768,343;767,345;766,345;766,346;765,346;765,347;763,347;762,349;762,350;762,352;762,353;762,354;762,356;762,357;762,358;762,359;762,360;762,361;763,362;764,362;764,363;765,365;766,366;767,367;767,368;768,369;769,369;770,369;771,370;772,370;773,371;774,371;775,371;776,371;777,371;778,371;779,371;781,371;782,371;784,371;785,371;786,371;787,371;788,371;789,371;789,370;790,370;791,370;
Specular reflection; POLYGON; 191, 91, 22; 643,263;643,264;643,266;643,267;643,268;643,269;643,270;643,271;643,272;643,273;643,274;643,275;641,276;640,277;640,278;639,278;638,278;637,278;635,280;633,282;633,283;632,283;631,283;629,284;628,284;627,284;626,285;625,285;624,285;623,285;622,286;621,286;620,286;619,286;618,286;617,286;616,286;613,286;612,286;611,286;609,286;608,286;606,286;605,286;604,286;603,286;601,286;600,286;599,286;598,286;597,286;596,286;594,285;593,284;592,284;592,283;591,283;591,282;589,281;588,281;587,280;585,280;585,279;583,279;581,278;579,277;579,276;579,275;577,275;576,275;576,274;575,274;574,274;572,273;571,272;569,272;568,272;567,272;565,271;563,271;560,268;558,268;557,268;556,268;555,268;554,267;553,266;553,265;551,262;551,261;550,261;549,260;548,260;548,259;548,257;548,255;548,254;548,253;548,252;548,251;548,249;548,248;548,247;548,246;548,245;548,244;548,243;548,242;550,240;551,240;553,240;554,240;555,240;557,240;559,240;561,240;563,240;565,240;566,240;569,240;572,240;576,241;579,243;581,244;582,245;582,246;583,247;583,248;585,249;586,250;587,250;587,251;587,252;588,253;589,254;590,254;590,255;590,256;591,256;591,257;592,258;592,259;593,259;594,259;595,259;596,259;597,259;599,259;599,260;600,260;601,260;602,260;603,260;604,260;605,260;606,260;608,260;610,260;611,260;612,260;613,260;614,260;615,260;616,260;617,260;619,260;620,258;622,257;622,256;625,256;626,255;629,255;631,255;634,253;635,252;635,251;636,251;637,251;640,251;641,251;645,251;647,251;648,251;649,251;650,252;
Specular reflection; POLYGON; 191, 91, 22; 52,498;50,497;49,496;48,495;47,495;45,495;43,493;42,492;40,492;38,492;37,492;37,493;36,493;35,494;35,495;34,496;34,497;34,498;34,500;34,501;34,502;34,503;33,504;32,504;31,504;30,505;29,505;27,506;26,506;25,506;24,507;23,507;22,509;21,509;20,510;19,510;18,510;16,511;15,512;15,513;14,514;14,515;14,517;14,518;14,520;14,521;13,521;13,523;13,525;13,526;13,528;13,530;13,531;13,532;13,533;14,535;15,536;15,537;16,539;18,541;19,542;19,543;19,544;20,544;20,545;20,546;21,548;21,550;21,551;22,551;22,552;23,554;23,555;24,556;24,557;24,559;24,560;24,561;24,562;25,562;25,564;26,567;27,568;27,569;29,569;29,570;30,572;31,572;33,572;35,572;36,572;37,572;38,572;39,572;41,572;43,572;45,572;46,572;47,572;48,572;50,572;51,571;52,571;54,570;58,570;60,570;62,570;63,570;64,569;66,569;67,569;69,569;71,569;72,569;72,568;73,567;73,566;74,566;75,564;76,564;78,562;79,561;79,560;79,559;80,559;80,558;81,558;82,558;83,558;84,558;86,558;87,558;90,558;92,558;96,558;99,558;100,558;101,558;102,558;103,557;103,556;103,555;103,554;103,552;103,551;104,550;104,549;105,548;105,547;105,545;105,544;105,541;105,540;103,539;103,538;103,536;101,534;100,534;99,533;98,532;97,530;95,529;93,527;92,526;92,525;91,525;90,524;89,523;89,522;88,521;87,520;87,519;86,518;85,517;83,515;82,514;81,513;81,512;79,511;78,511;77,510;75,509;73,509;72,508;71,508;70,508;69,508;68,507;67,506;66,505;64,505;63,504;62,503;61,503;60,503;58,502;57,501;57,500;56,500;55,500;54,499;53,498;51,497;51,496;50,496;50,494;50,493;
Stroma; POLYGON; 128, 128, 128; 45,368;44,369;43,369;42,370;42,372;41,374;38,377;37,379;35,382;33,384;32,386;30,389;30,391;29,392;29,395;28,397;28,399;27,403;26,404;25,405;25,406;25,408;25,409;25,410;25,413;25,414;25,416;25,417;25,419;27,421;28,423;28,426;29,430;29,431;29,434;29,435;29,437;29,439;30,443;30,446;31,449;31,452;31,455;31,457;31,458;31,459;31,460;31,462;31,463;31,465;31,466;31,467;31,468;31,469;31,470;30,471;29,472;29,474;29,475;28,476;27,477;26,478;26,480;26,481;26,482;26,484;25,486;25,487;24,488;23,490;23,491;22,493;21,494;20,495;19,497;19,498;19,499;18,500;18,501;18,503;18,504;18,505;18,506;18,507;18,508;19,508;20,507;22,507;23,507;24,507;25,506;26,506;26,505;26,504;27,504;28,502;28,501;29,500;30,499;31,498;32,497;33,497;34,497;36,496;38,496;39,496;40,496;41,496;42,496;43,496;44,497;45,498;46,498;47,499;48,499;49,500;51,501;51,502;52,502;54,503;55,504;56,504;58,504;60,506;61,506;63,508;64,509;65,509;65,510;67,511;68,512;69,512;73,514;73,515;74,515;75,515;77,516;79,517;81,517;82,517;83,517;84,517;85,518;86,519;87,519;88,519;88,520;91,521;91,522;92,522;93,522;95,523;95,524;95,525;96,526;96,527;96,528;96,529;97,530;97,531;97,532;97,534;98,535;98,536;99,536;99,538;100,539;100,540;100,541;101,542;101,543;101,544;102,545;102,546;102,547;102,548;102,550;102,551;103,551;103,552;103,553;102,553;101,554;101,555;100,556;99,557;98,557;97,557;96,558;95,558;94,558;93,558;92,558;91,558;90,558;89,558;89,559;88,559;87,559;86,559;84,560;82,560;82,561;81,561;80,562;79,562;78,562;77,562;76,563;75,563;73,563;70,563;67,563;66,563;64,564;63,564;62,565;61,565;59,567;57,567;55,567;55,568;54,569;52,569;50,569;48,570;46,570;44,571;43,571;42,571;41,573;40,573;39,573;38,575;36,575;35,575;33,577;33,580;32,582;32,586;32,588;32,590;32,593;32,597;32,601;32,604;32,607;34,612;36,617;38,623;40,629;42,635;43,636;46,640;48,644;51,647;53,650;53,651;53,653;54,654;54,655;55,657;55,658;55,661;55,663;56,665;57,670;59,673;59,675;59,676;61,678;61,680;61,681;62,683;62,685;63,686;63,688;64,691;64,692;65,695;67,699;67,701;68,704;70,709;71,713;72,716;73,719;76,723;76,726;78,728;78,730;79,734;80,736;80,740;81,741;82,743;84,743;85,744;88,745;90,746;92,746;94,746;98,747;102,747;106,749;109,750;111,750;114,750;117,750;120,750;126,750;132,750;139,751;147,751;155,752;163,753;172,754;179,756;186,757;192,758;199,758;205,758;210,758;214,758;217,758;220,758;223,758;226,758;229,758;233,758;236,758;240,758;244,758;250,757;254,757;260,756;264,755;270,754;275,754;281,754;287,754;293,754;298,754;304,754;309,754;313,753;319,752;326,752;332,752;339,751;346,751;353,750;360,750;366,750;373,750;380,750;386,750;396,750;404,750;413,750;422,750;432,750;442,750;453,750;464,749;475,748;487,747;500,746;514,746;529,746;542,746;555,746;567,745;579,745;590,745;601,744;611,744;622,742;633,742;643,742;654,742;663,742;673,742;681,742;689,742;695,742;701,742;706,742;713,742;720,742;726,742;732,742;736,742;741,742;745,742;750,742;753,742;757,742;758,742;760,741;761,741;763,741;765,741;767,741;769,740;772,740;776,739;780,738;783,737;786,736;787,736;791,736;794,736;796,736;798,734;801,734;805,734;807,733;809,732;811,732;813,732;816,731;821,731;825,730;830,730;837,729;845,728;853,727;862,726;869,725;875,724;881,723;887,721;891,721;897,719;902,718;910,716;915,715;921,713;925,711;930,709;933,707;937,705;939,703;942,703;947,698;951,696;954,693;957,689;959,686;961,686;962,683;966,678;966,675;967,671;967,669;967,666;967,663;967,659;967,656;967,653;967,648;967,642;967,634;967,624;965,613;962,604;961,594;959,586;958,579;957,574;957,568;956,562;955,557;954,551;953,546;952,540;951,534;950,530;950,525;949,519;948,513;947,508;946,502;945,498;944,492;944,488;943,482;942,477;941,472;940,468;939,464;938,458;935,452;932,445;929,439;927,433;925,428;924,422;924,418;922,413;920,407;917,401;913,397;910,392;907,387;906,387;905,384;904,382;902,380;900,378;896,374;892,370;888,365;884,362;879,358;878,356;877,355;877,353;876,351;875,351;875,350;873,350;871,349;869,348;867,347;866,346;864,345;863,345;862,345;859,345;855,345;853,345;851,345;849,345;847,345;846,345;845,345;843,345;842,345;841,345;840,345;839,345;837,345;835,345;834,345;833,345;831,345;830,345;829,345;828,345;827,345;826,345;825,345;822,347;821,347;820,348;819,349;818,349;817,350;816,350;815,350;814,351;813,352;812,353;811,353;810,354;809,354;809,355;808,355;807,355;806,356;806,357;806,358;804,360;803,361;803,362;803,363;802,364;801,364;800,364;800,365;799,366;798,367;798,368;797,369;797,370;796,370;796,371;795,371;793,371;791,371;789,372;786,373;785,374;783,376;781,377;778,377;774,378;772,378;768,379;761,379;753,380;744,380;733,380;721,380;709,380;696,380;684,380;672,380;659,380;645,380;631,379;618,376;604,374;594,372;584,369;576,366;568,363;561,360;555,356;548,351;540,348;531,346;522,344;512,342;504,341;496,341;488,341;480,341;475,341;473,341;469,344;468,347;
Stroma; POLYGON; 128, 128, 128; 598,292;598,291;598,290;598,289;598,288;598,287;599,287;600,286;601,286;604,286;606,286;610,286;613,286;615,286;617,286;618,286;619,286;621,286;622,286;623,286;624,286;625,286;626,286;627,286;628,286;628,285;630,283;631,282;632,282;632,281;633,281;633,280;634,279;635,277;636,277;636,276;636,275;637,274;638,273;639,271;640,270;641,270;644,270;645,270;646,270;647,270;649,272;649,273;651,275;651,277;652,279;653,279;653,280;654,280;655,280;656,280;657,280;658,280;659,280;660,280;661,280;662,280;663,280;664,280;665,280;666,280;667,280;668,280;670,280;671,279;672,279;673,279;675,279;676,279;678,279;679,278;680,278;681,278;683,278;684,276;685,275;686,275;690,272;692,272;693,270;694,270;694,268;695,266;695,263;695,262;695,260;695,257;695,255;695,253;696,251;696,250;696,249;696,247;696,245;697,244;697,243;698,243;700,241;701,241;703,241;705,240;708,240;710,239;713,239;715,239;718,239;723,239;730,239;737,239;744,239;750,239;756,239;763,239;768,239;769,239;770,239;772,240;776,245;781,250;783,251;786,253;789,254;792,256;795,258;796,258;797,258;798,260;800,262;800,263;801,265;802,265;804,266;805,268;807,270;808,271;810,273;812,276;814,278;815,279;816,280;816,281;817,282;819,284;820,285;821,286;822,287;822,288;822,289;823,290;824,291;825,292;826,295;826,298;829,300;829,301;829,303;831,306;831,308;832,311;832,314;833,317;834,321;835,324;835,325;835,328;835,329;835,331;835,334;835,335;835,337;835,338;835,340;835,341;835,343;835,345;835,346;835,349;835,350;833,352;833,354;832,355;832,356;832,357;831,358;830,359;829,360;828,361;828,362;828,363;828,364;827,365;827,366;825,367;824,367;823,367;822,368;821,368;820,368;819,368;818,368;817,367;816,365;815,365;815,364;815,362;814,361;812,359;812,358;811,358;811,357;811,356;809,353;809,352;808,352;807,351;806,350;806,349;806,348;805,346;804,346;803,345;802,345;802,344;802,343;802,342;801,341;800,340;800,339;799,338;798,337;798,336;798,335;797,334;797,333;795,332;794,332;793,332;792,332;791,332;789,332;788,332;787,332;786,332;785,332;784,333;783,333;782,333;781,333;780,333;780,334;779,335;779,336;778,337;777,338;776,338;775,338;774,338;773,338;772,339;771,339;771,340;770,341;769,342;769,343;768,343;767,344;766,344;765,345;765,346;765,347;765,348;764,349;763,349;762,350;761,351;761,352;760,352;760,354;759,355;759,356;759,357;758,358;758,360;758,361;758,363;758,364;758,367;758,369;758,372;757,373;757,374;757,375;757,376;756,379;755,379;753,381;749,381;745,383;741,383;738,384;735,384;730,384;722,384;712,384;703,384;694,384;684,384;675,384;666,384;658,384;648,384;639,383;629,381;620,379;610,377;602,375;594,372;587,370;580,369;573,367;566,365;560,364;554,362;548,360;543,358;542,358;541,357;540,356;539,354;538,352;537,350;534,348;533,347;532,345;531,345;531,344;
Stroma; POLYGON; 128, 128, 128; 665,281;666,280;667,280;667,279;668,279;670,278;671,277;672,277;672,276;673,275;674,275;674,274;674,273;674,272;674,271;674,269;674,268;674,267;674,265;674,264;674,262;674,261;674,259;674,258;674,257;673,256;673,255;673,254;673,253;673,252;673,251;673,250;673,249;673,248;673,247;672,246;672,245;672,244;671,244;671,243;671,240;670,239;669,238;669,237;668,235;667,235;666,234;665,234;664,233;663,233;663,232;661,230;661,229;660,229;659,229;658,228;657,228;656,228;655,227;654,227;653,226;652,226;651,224;651,223;650,223;649,222;648,222;648,221;647,220;645,219;643,218;643,217;641,217;639,216;638,215;637,215;636,215;635,214;634,213;634,212;632,212;630,212;630,211;628,210;626,210;625,209;624,208;623,208;621,206;619,206;618,205;616,204;615,204;615,203;614,203;613,203;613,201;612,201;611,201;610,201;609,200;607,200;606,199;605,199;604,199;602,198;601,198;598,198;597,197;596,197;595,196;595,195;594,195;594,194;592,194;591,194;589,193;587,192;586,192;585,191;585,189;584,189;583,188;580,186;578,185;575,183;574,183;574,182;573,182;573,181;572,181;571,180;568,178;566,177;566,176;565,176;564,176;563,176;563,175;562,175;562,174;562,173;562,172;562,171;562,169;562,168;562,167;562,166;562,164;562,163;562,162;564,162;565,162;566,161;569,161;570,161;573,161;574,161;576,161;577,159;578,158;579,158;580,158;581,158;583,158;584,158;585,158;586,158;587,158;588,158;589,158;590,158;592,158;594,158;597,158;598,158;599,158;600,158;601,158;602,158;603,158;605,158;606,158;610,158;612,158;614,158;617,158;618,158;619,158;622,158;623,158;625,158;627,159;630,160;633,160;636,161;640,161;642,161;646,161;648,161;648,162;649,162;650,162;653,162;654,162;657,162;660,162;661,162;663,162;664,162;665,163;666,163;667,163;669,166;672,166;674,167;676,168;677,168;680,169;681,169;682,170;683,171;684,173;686,174;688,175;692,176;694,177;695,177;698,179;699,179;700,179;701,179;703,181;706,183;707,183;708,183;709,184;710,184;712,184;713,184;714,185;716,185;718,186;719,187;721,188;722,189;724,190;725,190;725,191;727,192;728,192;729,192;731,193;734,196;734,197;736,198;737,198;739,199;740,201;741,202;744,204;746,204;749,205;750,206;751,207;753,209;754,210;755,210;756,211;757,212;758,213;759,215;760,216;761,217;763,217;763,218;764,218;764,219;766,220;767,221;769,222;769,223;770,223;773,225;774,226;775,226;776,227;779,228;779,229;781,229;782,229;784,230;787,233;790,235;793,236;794,236;798,240;800,241;801,242;803,243;804,244;807,246;808,248;811,249;815,252;816,254;817,255;819,257;819,260;821,263;823,264;825,267;826,269;827,269;828,271;829,274;830,276;833,281;834,282;837,285;839,287;840,289;841,290;841,291;843,293;844,295;845,295;845,296;846,296;848,298;849,300;850,301;851,302;852,303;852,304;855,306;856,308;858,308;860,311;861,311;863,311;864,313;865,314;867,316;868,317;869,319;871,320;873,320;874,321;876,323;877,326;879,327;882,328;883,330;887,333;889,333;891,335;892,336;895,339;895,340;897,341;901,344;903,346;905,348;908,350;909,351;911,353;913,354;913,355;914,355;915,357;916,357;917,359;918,361;919,361;920,362;922,365;923,365;924,367;926,368;926,369;926,371;928,373;928,374;929,375;930,378;932,382;933,384;934,385;935,387;937,390;938,392;940,395;941,397;942,398;944,401;946,404;947,406;948,408;951,413;953,415;954,417;954,419;955,420;955,421;957,423;958,425;958,428;959,430;960,431;960,434;961,435;962,436;963,438;964,440;965,442;965,443;966,446;968,450;970,454;971,458;972,462;972,463;973,465;974,469;974,472;974,474;975,477;976,480;976,481;976,484;976,486;976,488;976,490;976,494;976,497;976,500;976,504;975,508;973,511;973,516;971,517;970,519;969,519;968,522;967,523;966,524;964,526;963,528;962,528;961,528;960,528;957,528;955,528;951,528;949,528;947,528;943,528;940,528;937,528;933,528;929,528;926,528;923,527;921,525;920,524;919,523;918,520;917,518;915,514;915,511;913,508;911,503;910,499;910,496;909,494;909,492;907,490;906,487;905,484;904,481;904,477;903,473;902,467;901,462;901,458;900,453;899,449;898,445;896,440;895,436;892,431;890,426;888,421;886,416;885,413;884,410;883,409;880,406;875,401;873,397;870,394;868,390;866,388;865,387;865,386;863,384;862,383;861,382;860,379;857,376;857,375;852,370;851,369;850,368;850,366;849,366;848,364;847,362;846,362;844,360;843,358;841,357;840,356;840,355;840,354;839,353;837,351;836,350;836,349;834,348;833,347;832,345;831,344;829,343;829,342;827,340;825,337;823,334;820,331;818,329;816,328;814,326;811,324;810,323;809,322;806,318;805,316;803,314;802,311;799,309;794,304;792,304;791,303;790,303;789,303;788,303;786,303;785,303;784,303;782,303;779,303;776,303;773,304;770,304;766,306;766,307;764,308;763,308;760,311;759,312;757,313;755,314;752,314;750,314;746,316;744,318;742,319;739,321;737,322;734,325;729,325;726,326;722,327;715,328;707,328;698,328;688,328;679,328;671,328;670,328;668,328;667,328;665,328;664,328;
Stroma; POLYGON; 128, 128, 128; 336,150;337,150;339,150;341,150;342,150;343,150;344,150;346,150;348,150;349,150;350,150;352,150;353,150;354,150;355,150;357,150;360,150;362,150;364,150;365,150;366,150;367,150;368,150;370,150;371,151;375,151;378,151;381,151;382,151;383,151;384,151;386,151;388,151;389,152;391,152;392,152;395,153;396,153;397,153;398,153;400,153;401,153;403,154;405,155;407,155;410,155;412,155;413,155;414,155;415,155;416,155;418,156;420,157;421,157;422,157;423,157;424,157;426,157;429,157;430,157;431,157;432,157;433,157;435,157;436,157;438,157;439,157;441,157;444,157;447,157;448,157;449,157;450,157;451,157;452,157;453,157;455,157;456,157;458,157;459,157;459,158;460,158;461,158;463,159;464,159;465,159;466,159;467,159;468,160;468,161;470,161;471,161;472,161;473,161;474,161;475,161;477,161;478,161;480,161;483,162;484,162;485,162;485,163;486,163;486,164;486,166;488,167;490,168;491,169;491,170;492,170;492,171;493,172;493,173;494,173;494,174;495,174;495,175;496,177;497,178;497,179;497,180;498,180;499,181;500,182;500,183;501,183;502,184;502,185;504,187;505,188;506,188;507,189;507,190;509,191;511,192;512,192;512,193;513,193;514,193;514,194;515,194;516,194;517,194;518,195;518,196;520,196;521,197;523,197;523,198;524,198;525,199;526,199;527,199;529,200;529,201;531,202;532,203;533,203;534,203;534,204;535,204;536,204;537,205;538,205;539,205;540,205;542,205;543,205;545,206;546,206;547,207;548,207;549,207;550,208;551,209;552,209;553,209;554,209;555,209;556,209;557,210;558,212;559,212;560,213;560,214;561,215;562,215;562,216;563,216;564,217;565,218;565,219;566,220;566,221;567,221;568,221;568,222;569,222;570,222;570,223;572,223;573,224;573,226;576,227;579,227;581,228;582,228;582,229;583,229;584,229;585,230;586,230;588,232;590,232;591,232;592,233;593,234;594,234;595,234;596,234;597,235;598,236;599,236;600,236;601,237;602,238;603,239;604,239;605,240;606,240;607,241;608,241;608,242;610,244;612,245;613,246;614,246;614,247;615,247;616,247;616,249;617,249;619,249;621,250;622,250;623,250;624,250;625,251;625,252;625,253;625,255;625,256;625,257;625,258;624,258;624,259;622,261;621,261;620,263;620,264;619,264;618,265;617,265;616,265;615,265;614,265;613,265;612,265;611,265;609,265;608,265;607,265;606,264;605,264;603,263;603,262;602,262;602,261;601,261;599,261;599,260;598,259;597,258;596,257;596,256;595,255;594,254;592,253;592,252;591,252;591,251;588,249;587,248;584,247;583,247;582,246;581,245;579,244;578,243;576,243;575,243;574,242;573,242;572,241;571,241;570,241;570,240;568,240;567,240;566,240;564,240;563,240;562,240;561,240;560,240;559,240;558,240;557,240;556,240;555,240;554,240;552,240;551,240;550,241;549,242;548,243;547,244;547,245;546,246;546,248;546,251;546,254;546,256;546,259;545,261;545,264;545,265;545,268;545,269;545,272;545,275;545,276;545,278;544,279;540,280;538,281;537,282;533,282;530,282;526,282;523,282;518,282;507,282;494,282;479,281;462,279;445,278;431,277;417,276;406,274;397,272;389,270;380,268;373,264;367,260;361,258;355,254;350,250;346,246;341,242;335,238;330,235;325,232;322,230;321,230;320,228;319,226;318,226;316,224;315,224;313,223;310,221;308,219;307,218;306,217;305,217;305,216;304,216;
Stroma; POLYGON; 128, 128, 128; 184,183;184,184;184,185;184,186;184,187;183,187;182,187;181,186;178,185;177,184;176,184;175,184;174,184;173,183;173,182;171,181;170,181;169,181;168,181;167,181;166,181;165,181;164,181;163,181;161,182;161,183;160,184;158,185;158,186;157,187;156,188;156,189;155,191;155,192;155,193;153,195;152,196;151,198;151,200;151,201;151,202;151,203;151,204;152,205;153,206;153,207;154,208;155,208;156,208;157,208;158,208;159,208;160,208;162,208;163,208;166,208;167,208;168,206;169,206;171,206;172,205;173,205;175,205;177,205;178,205;180,205;181,205;184,205;187,209;190,212;195,216;197,218;200,220;202,222;203,223;203,224;205,226;205,227;205,229;205,233;205,235;205,237;204,241;202,244;200,246;196,248;193,250;190,252;184,255;178,258;171,261;163,265;155,268;146,273;139,276;131,278;123,279;115,280;107,280;100,280;93,280;88,280;86,280;83,280;80,280;78,280;75,280;71,279;67,278;64,276;62,276;61,274;60,271;58,270;56,268;55,265;53,263;52,261;50,261;50,260;49,258;49,256;49,255;49,252;49,249;49,247;49,245;49,243;49,242;49,238;49,235;49,234;49,231;51,228;52,227;53,223;54,220;55,218;55,215;58,213;61,209;64,207;66,203;66,202;69,201;72,196;77,194;79,192;81,191;85,189;86,187;89,186;91,185;94,184;95,183;96,182;101,180;103,179;104,179;106,177;111,175;112,175;116,173;117,172;118,172;120,171;121,171;123,170;123,168;126,167;130,165;132,163;133,163;134,162;136,160;137,159;139,159;140,158;141,157;144,157;145,154;147,154;148,153;148,152;150,152;151,152;152,151;154,151;155,151;157,151;160,151;163,151;164,151;165,151;167,151;168,151;169,151;172,151;175,151;176,151;178,152;180,153;184,154;186,156;190,158;193,159;194,160;198,162;202,164;203,164;205,164;209,166;212,168;217,170;219,170;221,171;223,171;224,172;
Stroma; POLYGON; 128, 128, 128; 168,209;168,208;168,207;168,205;168,204;168,202;169,201;170,200;170,199;170,198;171,198;171,197;171,196;171,195;171,194;172,191;173,190;174,189;175,188;176,188;176,186;178,185;178,184;178,183;178,179;178,177;179,176;180,175;180,174;181,174;183,174;184,174;187,174;191,174;194,174;197,174;200,174;202,174;203,174;204,174;206,175;208,177;209,180;212,182;214,185;217,188;220,192;221,197;222,200;223,204;224,210;225,217;225,225;225,234;225,244;225,253;225,261;224,268;222,274;220,279;218,284;216,286;214,288;211,289;208,290;204,290;200,290;
Stroma; POLYGON; 128, 128, 128; 30,498;29,498;26,498;25,498;24,499;23,499;22,499;19,499;17,499;16,499;15,499;14,499;13,499;13,498;13,497;13,494;13,493;13,490;12,487;12,486;11,484;11,482;11,481;11,480;11,478;11,476;11,475;11,473;11,472;11,470;11,469;12,468;12,467;12,466;12,464;12,463;12,462;12,461;12,459;12,458;13,457;13,456;13,455;13,454;13,452;13,451;13,449;13,447;13,446;13,445;13,443;13,442;13,439;13,438;13,436;13,434;13,433;13,431;13,429;13,427;13,426;13,424;13,421;13,418;13,416;13,415;13,413;13,410;13,409;13,407;13,404;13,403;13,401;13,397;13,394;13,392;13,389;13,387;13,384;14,383;14,380;16,377;16,376;16,375;18,371;18,369;18,368;18,367;18,363;18,361;18,360;19,357;19,356;19,354;19,350;19,348;19,345;19,343;19,341;19,338;19,335;19,334;19,331;19,330;19,327;19,324;19,321;19,320;19,318;19,317;19,315;19,314;18,311;18,310;16,308;15,305;14,302;13,299;12,298;11,295;11,292;11,290;10,287;10,286;8,284;7,280;6,280;6,278;6,275;5,274;5,272;5,270;3,267;3,266;3,264;3,262;3,259;3,257;3,255;3,253;3,251;3,248;3,246;3,244;3,242;3,241;3,239;3,238;3,236;3,233;3,232;4,230;4,229;5,227;5,226;5,225;6,224;7,223;7,222;7,220;8,218;9,216;9,214;11,213;13,209;14,207;16,205;18,200;19,200;19,199;19,197;20,196;22,193;22,191;22,190;23,189;24,187;24,185;26,183;26,182;28,180;30,179;30,178;31,178;32,177;33,175;34,175;36,174;37,174;39,173;40,172;40,171;41,171;42,170;43,170;44,168;47,167;48,167;52,165;55,163;58,163;60,162;61,161;62,161;65,160;67,159;68,158;70,158;71,158;73,158;74,158;76,158;78,158;82,158;85,158;88,158;91,158;92,158;92,159;95,162;96,163;97,166;97,169;99,172;100,173;101,177;102,180;103,183;105,187;106,190;106,193;106,197;106,203;106,209;106,216;106,224;108,232;108,242;108,251;108,262;108,272;108,282;108,291;108,300;108,308;108,315;108,322;108,328;108,335;108,342;108,350;108,357;108,362;108,367;108,373;108,377;108,381;108,385;108,389;108,394;108,398;108,402;108,407;108,413;108,417;108,422;108,428;107,435;106,441;105,448;103,455;102,462;101,468;100,473;100,474;100,476;100,477;100,478;100,482;100,483;100,485;100,488;100,489;100,490;100,491;100,492;100,495;100,496;101,497;102,499;102,500;102,501;103,502;103,503;104,503;105,504;
Stroma; POLYGON; 128, 128, 128; 41,571;40,571;39,571;37,571;36,572;34,572;30,573;26,573;22,573;21,574;19,575;18,576;17,578;16,578;16,579;15,579;15,580;14,581;13,581;12,582;12,584;12,585;12,587;12,591;12,592;11,593;11,594;10,596;10,597;10,598;10,599;10,602;10,604;10,605;10,606;10,607;10,608;10,609;10,611;10,612;10,613;10,615;10,617;10,618;10,619;10,621;10,623;10,624;10,627;11,630;14,635;15,639;15,643;15,644;15,647;15,650;15,653;16,657;16,660;16,664;17,667;17,671;17,675;17,678;17,679;17,681;17,682;17,683;17,684;17,685;17,687;17,689;17,692;17,696;17,698;17,700;17,702;17,704;17,706;17,709;18,711;19,714;19,717;20,720;20,721;20,722;20,723;20,724;20,725;20,726;20,728;21,729;21,731;21,732;21,734;22,737;22,738;22,740;22,741;23,743;24,746;25,746;25,748;26,748;27,750;27,751;27,752;27,753;28,754;28,756;29,757;29,758;29,759;29,760;30,762;30,763;30,764;31,764;31,766;31,767;31,770;31,771;32,771;32,772;33,772;33,773;34,773;35,774;37,775;39,776;41,777;42,778;45,779;48,779;51,779;52,779;55,779;56,779;58,779;60,779;63,779;65,779;67,779;69,779;70,779;72,779;73,779;74,779;75,779;77,779;78,779;80,778;81,778;82,777;84,777;85,777;86,777;87,777;88,777;89,777;90,777;92,776;93,776;95,776;96,776;98,775;100,775;102,775;104,775;107,775;108,775;110,775;111,775;112,774;114,773;115,772;116,772;119,771;121,771;123,771;125,771;128,771;132,771;135,771;139,771;141,771;142,771;145,771;147,771;149,771;151,771;155,773;159,774;161,774;164,775;166,776;168,776;170,778;173,779;174,779;177,781;180,782;183,783;184,783;186,783;188,785;189,786;189,788;192,789;194,790;195,791;196,791;197,791;197,792;198,792;199,792;199,794;200,794;200,795;202,795;204,795;206,796;207,796;209,797;211,798;213,798;216,798;218,800;219,800;221,800;223,800;225,800;228,800;230,800;232,800;234,800;235,800;237,801;241,802;242,802;244,803;246,803;248,803;249,803;251,803;254,804;255,804;256,805;257,805;258,805;259,806;260,807;262,807;264,808;265,809;266,809;267,809;267,810;268,810;268,812;272,813;273,814;273,815;275,815;276,816;277,816;279,818;280,818;281,819;283,819;284,819;286,820;287,820;289,820;291,820;292,819;293,819;295,817;298,816;300,815;302,813;303,813;304,812;305,811;305,810;305,809;307,808;309,805;312,804;313,804;314,803;314,802;315,801;316,800;317,799;320,797;321,796;322,796;323,796;323,794;323,792;324,791;325,790;325,787;327,787;328,787;328,786;329,786;329,785;330,784;331,783;332,782;332,781;334,781;336,781;338,780;339,778;340,778;340,777;343,775;344,775;346,774;348,774;349,774;351,772;353,772;356,772;357,772;359,772;362,772;364,771;366,771;369,769;371,767;372,766;373,766;375,766;378,766;380,766;382,766;383,766;385,766;388,766;390,765;391,765;392,765;393,765;394,765;397,765;397,766;400,767;401,769;402,770;402,771;403,773;404,776;405,778;406,780;407,780;407,782;408,783;408,784;409,785;410,786;412,788;412,789;412,791;412,794;413,796;413,798;414,801;414,802;415,805;416,807;417,808;418,809;419,810;420,812;421,812;422,813;423,814;423,815;425,816;427,817;431,820;432,821;436,823;441,824;445,825;449,825;454,828;456,828;459,830;464,831;467,832;471,833;474,833;478,836;482,837;484,837;487,839;488,839;491,839;492,839;495,841;496,842;499,843;504,844;508,845;511,845;516,846;518,847;520,847;523,848;526,848;529,848;532,849;535,850;538,851;541,852;544,852;547,852;549,852;550,852;552,852;554,852;556,852;559,852;562,852;565,852;567,852;569,853;572,853;576,854;581,856;584,856;588,857;593,857;599,858;602,858;606,858;612,859;618,860;625,861;634,863;642,864;650,866;660,868;669,871;679,873;687,874;695,875;702,876;708,877;714,877;720,877;725,877;732,877;737,877;743,877;748,877;749,877;750,877;751,877;752,877;754,876;756,873;757,873;761,870;762,869;764,867;766,864;768,862;770,860;772,858;776,855;777,853;779,851;779,849;780,847;783,844;784,842;786,840;788,839;790,837;792,836;792,835;793,835;796,834;797,832;798,832;799,830;801,828;803,826;806,822;808,821;811,820;814,818;818,816;823,814;826,813;828,812;832,809;835,809;837,808;839,808;840,807;842,807;845,804;849,801;851,801;853,799;855,799;857,798;860,797;862,795;863,795;865,793;868,793;870,791;873,789;876,788;881,785;882,784;884,783;885,782;885,780;888,776;891,774;892,771;895,768;897,765;898,763;899,762;901,760;904,756;906,755;908,754;909,753;912,750;913,748;913,747;914,745;914,743;915,738;917,734;918,729;920,725;921,722;921,720;921,718;921,717;921,716;921,714;921,710;921,708;921,706;921,703;921,699;921,696;921,692;921,688;921,684;921,680;921,676;921,672;921,669;920,664;917,661;914,656;913,653;909,647;902,640;895,630;884,619;871,608;857,598;843,589;830,581;819,574;806,570;793,566;779,563;760,560;731,556;690,552;640,548;586,544;531,540;479,538;432,540;391,544;360,547;334,552;313,555;300,557;289,558;288,558;287,558;287,559;287,561;286,563;286,564;
Stroma; POLYGON; 128, 128, 128; 326,775;326,774;326,773;327,772;328,772;328,771;329,771;330,771;331,771;332,771;333,771;334,771;334,769;336,769;338,769;339,769;341,769;343,769;344,770;345,770;346,770;347,770;348,770;349,770;350,770;351,770;352,770;353,770;354,770;355,770;356,770;357,770;359,770;360,770;361,770;364,771;365,771;366,771;367,771;368,771;371,771;373,771;375,771;376,771;378,772;380,772;382,772;383,772;384,772;386,773;388,773;390,774;393,774;399,775;407,777;418,781;430,784;444,786;456,788;467,791;475,792;480,792;482,792;483,792;483,789;483,786;483,784;483,780;483,772;483,763;482,752;480,740;476,728;473,717;469,707;462,697;456,688;449,681;443,675;437,670;430,666;421,662;412,660;400,659;386,658;373,658;360,658;349,659;341,662;334,665;328,668;327,669;326,670;326,671;
Stroma; POLYGON; 128, 128, 128; 388,772;390,774;391,775;392,776;394,778;395,779;396,779;397,780;398,781;398,782;399,782;401,784;402,784;402,785;402,786;402,788;403,788;403,790;403,791;403,794;403,796;403,797;403,799;403,800;403,801;403,802;403,803;403,804;403,805;403,806;403,807;403,809;403,811;403,812;402,814;402,815;402,817;401,817;401,818;400,819;400,821;400,822;400,824;400,827;400,831;400,832;400,835;401,838;403,840;404,842;405,842;405,843;406,844;407,845;409,846;409,847;411,848;412,848;413,849;414,850;415,851;417,853;420,857;423,858;427,861;431,863;433,864;438,866;444,869;449,871;454,873;458,875;462,876;465,878;470,881;476,885;483,888;491,891;500,894;508,896;515,898;522,899;527,899;533,899;538,900;544,901;551,902;558,903;564,904;570,905;577,906;583,907;588,907;592,907;596,907;600,907;605,908;610,909;617,910;624,910;631,911;638,912;643,912;649,912;653,912;656,912;660,913;664,914;670,915;676,916;681,917;687,918;692,919;697,919;701,919;702,919;704,919;707,919;710,919;714,919;718,919;722,919;726,919;727,919;728,919;730,919;733,918;737,916;742,913;746,912;750,908;752,905;753,901;753,897;755,893;755,891;756,887;758,884;761,879;764,876;767,871;769,867;771,863;772,861;773,857;773,854;773,851;773,847;773,841;773,836;773,831;773,824;773,818;773,813;773,808;771,801;767,792;762,784;754,774;745,762;734,750;721,737;711,727;702,718;695,711;687,703;681,697;674,689;665,682;655,674;642,666;623,654;602,642;578,629;555,617;534,608;515,601;498,596;484,593;472,589;460,587;448,585;437,583;425,580;412,578;398,577;385,576;372,576;360,577;350,580;342,585;334,590;329,595;325,599;321,606;
Stroma; POLYGON; 128, 128, 128; 398,800;397,800;396,800;395,800;395,801;393,802;392,803;392,804;391,804;388,804;388,805;387,806;387,807;385,807;384,807;382,807;381,807;380,807;379,807;377,807;376,807;375,807;374,807;373,807;372,807;370,806;368,806;364,804;362,803;360,802;359,802;358,802;357,801;356,801;355,800;354,799;352,799;351,799;350,799;349,798;348,798;347,797;346,797;345,797;344,797;343,796;341,796;339,794;337,794;335,792;333,791;332,790;331,789;331,787;329,786;329,785;328,783;327,783;326,781;325,779;324,778;322,777;321,776;321,775;319,775;317,775;314,776;313,776;313,777;311,777;309,779;305,782;304,783;303,783;302,785;302,786;302,789;302,791;302,793;302,795;302,796;300,797;300,798;300,799;299,801;299,803;299,804;299,805;299,808;299,810;299,812;299,814;299,815;299,816;299,817;299,819;299,820;299,821;299,822;299,824;299,825;299,826;299,827;300,827;301,828;304,829;308,829;313,830;314,830;316,831;318,832;320,832;321,833;322,833;322,834;323,834;326,837;329,838;332,840;334,840;336,841;337,841;339,841;339,842;340,843;341,844;341,845;341,846;343,847;345,849;346,849;347,850;349,852;349,853;350,854;350,855;351,857;352,857;354,858;356,859;359,863;360,865;361,866;363,868;365,871;370,874;373,878;375,879;376,880;378,881;379,883;380,883;382,884;383,885;386,888;389,890;391,893;396,894;397,895;400,897;404,898;407,898;409,899;413,900;416,901;419,901;422,902;427,904;429,905;432,905;436,905;439,906;444,907;446,908;447,908;451,908;453,908;455,910;458,911;461,911;465,912;469,913;475,915;481,916;486,917;492,918;498,919;502,920;506,921;510,921;513,921;516,921;521,921;525,922;529,922;532,922;536,922;537,922;539,922;540,922;541,922;543,922;546,921;549,921;553,921;557,920;561,920;563,920;565,920;567,918;568,918;570,916;571,915;573,912;574,909;575,908;577,904;579,900;580,898;580,896;581,893;581,890;581,887;581,883;581,879;581,875;581,871;581,866;580,861;580,856;578,852;575,846;572,841;568,837;565,833;563,832;559,830;555,827;552,826;549,825;546,823;541,820;537,819;532,817;528,815;524,813;522,813;519,813;515,812;510,811;506,809;501,807;498,806;497,806;495,806;494,806;493,806;492,806;491,806;490,805;489,805;487,805;483,805;481,805;477,804;475,804;471,802;465,800;458,799;450,797;441,795;435,794;429,793;428,793;427,793;426,793;424,793;423,793;422,793;421,793;420,793;419,793;418,793;417,793;416,793;415,793;414,793;413,793;412,793;411,793;410,793;408,793;407,793;406,793;405,793;404,793;403,793;402,793;401,794;400,795;399,796;398,796;396,797;395,797;395,798;395,799;394,800;393,801;392,801;391,803;391,806;391,808;391,810;391,812;391,813;391,814;390,815;
Stroma; POLYGON; 128, 128, 128; 348,835;347,835;346,835;345,835;344,835;343,835;342,835;340,835;338,835;335,835;331,835;328,835;324,835;320,835;316,835;312,836;310,836;308,836;307,836;304,836;302,836;300,836;299,836;298,836;297,836;295,836;294,836;291,836;289,836;288,836;286,836;284,838;282,839;280,840;279,840;277,842;276,843;275,844;273,846;270,846;267,847;265,848;263,850;263,851;262,851;261,851;259,851;256,851;253,851;249,851;247,851;243,851;238,851;235,850;231,849;229,848;226,847;223,845;218,842;214,839;209,838;206,838;206,837;204,836;204,835;202,834;201,833;200,832;199,831;195,830;193,829;190,827;188,826;186,825;184,825;184,824;184,823;183,823;182,822;181,821;179,821;178,820;177,819;176,818;174,817;174,815;174,814;173,814;172,813;171,812;170,810;170,808;169,807;169,806;168,805;168,804;168,803;167,802;166,801;163,798;161,796;158,796;158,795;156,795;155,794;154,794;154,793;153,792;151,792;150,791;148,791;147,791;146,790;145,790;144,790;143,790;142,790;140,790;137,790;136,790;134,790;132,790;130,790;128,790;125,790;121,791;119,791;116,791;115,791;112,791;111,791;110,791;108,791;106,791;105,791;102,791;100,791;98,791;96,791;93,791;89,791;85,791;84,791;81,791;79,791;76,791;74,791;73,793;71,794;69,795;68,796;65,797;64,798;63,799;61,800;60,800;58,800;57,800;56,800;54,800;53,800;52,799;51,798;49,797;48,795;46,795;46,793;46,791;46,790;45,788;45,785;45,782;44,780;44,777;44,776;44,773;44,772;44,770;44,767;44,766;45,762;46,759;46,756;47,753;48,752;50,750;51,748;54,746;57,745;62,743;66,742;68,742;71,742;74,741;78,740;84,739;89,738;95,737;100,736;106,736;111,736;115,736;120,736;124,736;129,736;136,736;144,737;152,738;160,739;169,741;176,742;181,743;187,744;192,746;197,747;201,748;203,749;204,749;206,751;209,753;213,756;217,757;222,758;225,761;229,761;232,762;234,762;236,763;237,764;239,765;242,768;246,773;251,778;254,779;256,781;261,782;264,783;268,784;269,785;270,785;271,786;273,787;275,789;277,791;279,792;283,794;287,796;292,798;296,800;297,800;298,801;300,803;302,804;306,806;310,807;314,810;316,811;319,811;320,811;321,812;322,812;323,813;323,814;324,814;325,816;326,816;327,817;328,818;330,819;331,819;333,820;334,821;336,822;338,823;340,824;342,824;342,825;343,825;344,825;344,826;346,827;347,828;348,828;
Stroma; POLYGON; 128, 128, 128; 295,830;297,832;300,832;302,834;303,835;304,835;305,836;306,837;308,837;310,838;311,840;313,840;314,841;315,842;316,844;318,846;320,847;320,848;322,850;323,850;324,851;325,852;325,853;327,855;328,855;329,856;330,857;331,858;332,859;333,860;334,862;334,863;336,864;337,866;338,867;338,868;339,868;341,869;341,870;342,871;344,871;344,872;345,872;346,874;347,874;347,875;348,875;349,875;350,877;351,877;352,877;352,878;353,880;355,882;357,882;360,885;362,887;365,888;365,889;366,889;367,890;368,890;369,890;370,892;372,895;376,896;378,898;380,899;382,901;384,901;387,902;387,903;388,903;390,903;391,903;392,904;393,904;394,904;395,904;396,905;399,905;401,906;402,906;403,906;404,906;405,906;407,906;411,906;415,906;420,907;424,907;428,908;430,908;431,908;433,908;434,908;435,908;438,908;443,908;447,908;449,908;452,908;455,908;458,908;460,908;461,908;462,907;463,905;463,904;465,904;466,902;468,901;469,898;472,893;472,891;472,887;472,885;472,883;472,880;472,877;471,873;471,868;471,867;471,866;470,862;469,861;468,857;468,856;468,854;468,853;
Stroma; POLYGON; 128, 128, 128; 387,775;386,775;384,775;384,774;383,774;382,774;381,774;378,774;377,774;376,774;376,775;375,775;374,775;372,775;371,775;370,775;369,775;368,775;366,775;365,775;364,775;363,775;362,774;360,773;359,773;357,773;356,773;354,773;353,773;353,774;351,777;350,778;349,778;348,779;347,780;345,782;345,784;344,785;342,787;340,790;339,792;339,793;339,795;339,798;339,802;339,805;339,806;339,807;339,808;339,809;339,810;336,810;333,806;330,806;327,804;324,801;322,800;318,798;315,798;312,797;312,796;310,795;309,794;307,793;307,792;306,789;304,784;303,781;302,778;301,776;299,773;299,771;299,770;299,766;299,764;299,760;299,758;299,755;300,753;302,749;303,746;306,742;307,742;308,741;311,741;314,741;318,741;321,741;326,741;332,741;340,741;347,741;354,741;361,740;365,739;366,739;367,739;369,739;371,739;374,741;377,743;379,743;382,744;382,745;382,746;384,747;384,748;385,748;385,749;386,749;386,750;386,751;386,752;386,753;386,754;386,756;386,758;386,759;386,760;387,761;387,762;388,762;388,764;389,765;391,766;391,767;393,768;394,768;396,770;397,771;398,772;399,773;399,774;399,775;399,776;399,777;399,778;398,778;398,779;397,780;397,781;397,782;397,783;397,784;396,785;396,786;396,788;396,789;396,791;396,792;396,793;396,794;396,795;396,796;395,796;395,797;394,797;392,797;391,798;390,799;390,800;389,801;388,802;388,804;388,806;388,807;387,809;387,810;386,813;385,814;385,815;385,817;385,819;385,820;385,822;385,823;385,825;385,827;385,828;385,830;386,831;388,833;390,834;393,837;395,837;398,838;401,839;404,840;407,840;410,840;413,840;416,840;420,840;424,840;430,839;435,837;441,834;446,830;450,826;453,823;456,818;458,813;459,809;459,805;459,800;459,794;460,788;461,783;462,779;462,774;462,773;462,771;459,767;456,763;454,762;453,760;452,759;450,759;449,759;446,759;444,758;441,757;439,756;437,756;434,756;433,756;431,756;430,756;429,756;428,756;426,756;425,756;424,757;422,759;419,761;417,762;415,764;415,765;413,766;413,767;411,768;411,769;410,769;408,769;407,769;406,769;404,770;402,772;401,772;400,772;399,772;398,772;397,773;396,773;395,773;395,774;394,774;393,774;392,774;391,774;390,774;389,774;388,774;387,774;386,774;385,774;
Stroma; POLYGON; 128, 128, 128; 389,798;388,798;387,798;385,798;384,798;383,799;380,799;379,799;378,799;375,799;372,800;369,800;368,800;367,800;365,800;364,801;363,801;362,801;361,801;361,802;360,803;358,803;357,805;356,805;355,805;354,806;352,807;351,808;350,808;350,809;350,811;350,813;350,814;350,818;350,819;350,820;350,821;351,821;353,822;355,822;358,822;361,822;363,822;366,822;370,822;373,822;375,822;380,822;387,822;394,822;399,822;400,822;401,822;402,821;402,820;402,818;402,817;402,814;
Stroma; POLYGON; 128, 128, 128; 183,817;183,818;183,819;183,820;183,822;185,825;188,828;192,832;194,834;195,835;196,836;196,837;196,841;196,842;196,843;195,845;195,846;194,848;192,850;192,851;191,851;190,852;189,853;189,854;188,856;186,858;185,860;183,861;182,862;178,864;178,866;178,867;178,868;178,869;178,870;177,872;176,872;176,873;176,874;176,875;176,876;176,879;176,881;176,882;176,884;176,885;176,886;176,887;176,891;176,893;176,894;176,896;176,897;179,898;183,901;185,901;188,904;189,904;189,905;190,905;191,905;193,906;194,906;196,906;197,906;198,906;199,906;200,906;202,906;205,906;207,906;211,907;212,907;213,907;216,907;217,907;218,907;219,907;220,907;221,906;221,905;222,905;223,904;224,903;226,903;227,903;228,902;229,902;230,902;231,902;232,902;235,900;237,900;239,900;240,900;240,899;242,898;242,897;244,897;245,897;248,897;249,897;250,896;251,896;252,895;253,895;254,894;255,894;256,894;257,894;258,892;258,891;259,890;261,889;262,888;263,887;264,887;265,886;265,885;265,883;265,882;266,880;266,879;267,877;267,876;267,875;268,875;268,874;268,872;268,871;268,869;268,868;268,866;269,865;270,864;270,863;271,862;271,860;271,859;271,858;271,857;271,856;272,854;273,854;274,852;275,852;275,851;277,849;277,847;277,846;278,845;279,843;279,841;279,838;280,836;281,836;281,834;281,833;
Specular reflection; POLYGON; 191, 91, 22; 371,798;371,799;370,799;369,799;368,799;367,799;366,799;365,799;364,799;363,799;362,799;360,799;359,799;358,799;356,799;354,799;353,799;352,799;351,799;350,799;348,799;347,799;345,799;344,799;344,798;344,796;344,795;344,794;344,793;344,792;345,790;345,789;345,788;345,787;345,786;345,785;345,784;346,783;348,782;349,781;350,781;351,780;352,778;353,777;354,777;355,777;357,777;358,775;359,775;360,774;361,774;362,774;364,774;365,774;367,774;368,774;369,775;373,776;374,778;375,778;376,778;377,778;378,777;379,777;380,777;381,777;382,776;385,776;386,776;387,776;388,776;389,776;390,776;391,776;392,776;393,776;394,776;395,776;396,776;397,776;397,778;397,779;397,781;397,782;397,783;397,784;397,786;396,787;395,788;394,790;393,791;393,792;392,792;391,793;390,794;389,795;388,795;387,796;387,797;387,798;386,799;385,799;385,800;384,800;382,801;381,801;380,802;379,802;378,802;377,802;376,802;374,802;373,802;371,802;370,802;369,802;368,802;367,802;366,802;365,802;364,802;363,802;362,802;360,801;359,801;358,800;357,800;356,799;355,798;354,798;
Specular reflection; POLYGON; 191, 91, 22; 348,786;347,786;345,786;344,788;343,788;342,788;342,789;341,789;341,790;341,791;341,792;341,793;341,794;342,795;343,795;344,795;346,796;347,796;347,797;348,797;
Specular reflection; POLYGON; 191, 91, 22; 181,825;181,826;180,826;179,827;178,830;177,832;175,834;175,836;174,837;173,837;173,838;172,838;172,839;171,839;170,839;169,840;168,840;166,840;165,840;162,841;160,841;157,841;155,841;152,841;148,841;144,840;141,839;138,839;133,836;132,834;128,834;125,833;125,832;124,832;123,832;122,831;121,829;120,828;117,826;115,825;113,822;112,822;110,822;109,821;108,821;106,820;104,820;103,820;101,821;98,821;96,821;93,821;90,823;89,824;86,825;86,826;84,829;83,829;83,830;82,831;80,832;79,833;75,835;73,836;70,836;68,837;68,838;66,838;65,840;62,841;59,842;54,843;51,843;48,844;46,844;45,844;44,844;41,844;40,844;38,844;34,844;31,843;28,840;27,840;26,839;26,838;26,835;26,833;26,832;26,829;26,828;26,827;26,825;26,824;26,823;26,822;26,820;25,820;25,819;25,818;25,817;25,816;25,814;25,813;25,811;25,810;26,808;28,807;28,806;30,805;31,804;35,803;36,803;37,803;38,802;39,802;40,801;42,801;44,801;47,801;47,800;49,799;50,799;51,798;52,798;54,797;56,796;58,795;59,795;61,793;62,792;63,792;66,792;67,792;69,791;70,790;71,790;72,790;73,790;74,790;77,790;80,790;84,790;86,790;88,790;90,790;93,790;95,790;96,790;98,790;99,790;100,790;101,790;102,790;103,790;104,790;106,789;107,789;109,788;111,788;112,788;114,787;115,787;117,787;119,787;122,787;123,787;124,787;125,787;126,787;127,787;128,787;129,787;130,787;131,787;133,787;134,787;135,787;136,787;137,787;139,787;140,787;141,787;142,787;143,787;145,787;147,787;150,788;152,788;154,788;155,788;156,788;157,790;159,790;161,792;161,793;161,794;162,795;163,796;164,797;165,798;167,799;167,800;168,801;169,801;169,802;169,803;170,803;170,804;170,805;170,806;170,807;171,807;171,808;172,809;173,809;174,810;174,811;176,812;177,812;178,813;179,813;180,813;180,814;181,815;181,817;183,819;184,820;185,820;185,822;185,823;185,824;185,825;185,827;185,829;185,831;185,834;185,836;185,837;185,840;
Specular reflection; POLYGON; 191, 91, 22; 302,828;301,828;300,828;299,828;297,828;296,829;295,830;293,832;292,833;291,834;289,835;288,835;286,836;284,838;283,838;282,838;281,839;280,840;279,840;278,840;278,841;277,842;276,843;275,843;274,844;274,845;274,846;273,846;272,847;271,848;270,850;270,851;270,852;270,853;269,854;269,856;268,859;268,860;268,861;268,862;268,864;267,866;267,868;266,869;266,870;266,871;266,872;265,874;265,875;263,877;262,877;262,878;261,879;260,879;260,881;259,882;258,883;257,884;256,885;255,886;254,888;254,889;254,890;253,892;252,894;250,896;250,897;249,899;248,899;248,901;248,902;248,903;248,904;247,907;247,909;247,910;247,914;247,915;247,917;247,919;247,921;247,922;247,923;248,925;253,928;253,929;256,931;257,932;258,934;261,934;266,937;268,938;271,939;274,939;275,939;277,939;279,939;280,939;281,940;283,940;285,941;287,941;289,941;291,941;292,941;293,941;294,941;295,941;296,939;297,939;299,938;300,938;303,935;304,935;305,933;306,932;308,930;311,929;314,926;315,926;315,925;317,924;318,924;318,923;319,923;320,921;320,920;321,920;321,919;322,919;323,917;323,915;323,914;325,912;326,912;327,912;328,912;330,914;334,916;337,917;340,919;341,919;342,919;343,919;344,919;346,919;350,920;353,920;357,921;359,922;362,922;365,922;366,922;367,922;368,922;369,922;371,921;373,919;374,919;377,917;377,916;378,916;378,915;378,914;378,913;378,911;380,909;380,908;380,907;380,905;380,903;380,902;380,900;380,899;380,897;380,896;380,895;380,894;380,893;380,891;379,889;378,888;374,885;372,883;371,883;371,882;371,881;369,880;369,879;368,879;367,878;367,877;365,877;363,877;361,876;360,875;359,875;358,874;357,872;356,872;354,871;353,870;352,870;350,869;348,869;345,868;345,866;344,866;343,865;343,864;342,864;341,863;341,861;340,860;338,859;338,858;337,857;337,856;337,854;337,853;336,853;336,852;336,851;335,848;335,847;334,846;333,845;333,844;331,843;331,842;330,842;330,841;329,840;328,839;327,839;327,838;325,836;324,835;324,834;323,833;322,833;322,832;321,832;319,831;317,830;316,830;315,830;314,828;313,828;311,828;310,828;309,828;308,828;307,828;306,828;304,828;303,828;302,828;301,828;300,828;299,828;298,828;296,828;295,828;295,829;
Stroma; POLYGON; 128, 128, 128; 74,172;73,170;72,169;72,167;72,166;72,165;72,164;72,162;72,160;73,157;75,155;76,154;81,152;82,151;85,150;90,147;91,147;95,143;96,143;98,141;100,140;104,137;105,136;108,136;113,134;116,133;117,132;121,129;123,128;123,127;125,126;126,126;128,126;129,125;130,123;132,121;133,120;133,117;133,115;135,113;136,110;138,108;139,106;140,103;140,102;140,100;141,97;142,95;145,93;147,90;147,89;149,87;150,84;154,80;155,80;155,76;155,75;155,74;156,73;156,72;158,70;160,69;161,68;163,68;166,67;168,66;168,65;168,64;170,64;171,64;172,64;175,64;177,63;180,63;184,63;185,63;187,63;188,63;191,63;192,63;194,64;197,66;199,67;201,68;203,70;204,71;205,72;207,73;208,75;209,75;210,77;212,80;214,81;216,82;217,83;217,84;218,84;219,85;220,86;221,86;222,86;223,86;224,86;225,86;226,86;226,87;227,87;228,88;228,89;228,90;229,91;229,92;230,92;231,92;233,93;234,93;235,94;236,96;236,97;236,98;236,99;236,100;236,101;236,102;236,103;237,104;238,104;239,105;239,106;240,107;243,107;243,109;244,110;246,112;248,112;249,113;251,115;251,116;253,116;254,117;255,117;256,117;257,117;258,118;260,118;262,118;266,118;267,118;269,118;270,118;272,118;273,118;274,118;277,118;279,118;281,118;282,118;283,118;283,117;284,115;284,113;285,112;285,111;285,110;285,109;285,108;285,107;285,105;283,102;283,100;282,99;282,98;280,96;279,93;278,93;275,92;273,91;271,89;269,88;268,87;267,85;266,82;265,81;264,79;264,78;264,76;262,73;261,72;260,69;259,66;258,65;258,62;257,61;257,60;258,59;258,58;260,58;263,58;266,57;269,56;273,55;279,54;284,53;290,53;297,52;305,51;314,51;323,50;333,50;342,49;353,47;363,46;371,44;372,43;373,43;374,43;377,43;379,42;381,42;383,42;384,41;385,41;386,41;388,41;391,41;394,41;395,41;396,41;397,41;401,41;404,41;408,44;410,45;413,45;414,45;415,45;416,45;417,45;419,47;423,47;426,49;431,51;435,52;437,53;440,53;441,53;442,53;443,53;445,53;446,53;448,53;449,53;450,53;452,53;453,53;456,53;459,53;461,53;464,54;465,55;466,56;467,57;467,58;468,60;469,62;469,64;471,67;471,69;471,71;471,73;471,75;471,76;471,78;471,79;471,82;471,84;471,85;472,87;472,88;472,89;472,90;472,91;472,93;472,94;472,96;472,97;472,98;472,100;472,101;472,103;472,105;473,105;474,106;475,106;475,107;477,108;478,109;480,110;480,111;481,111;481,112;482,113;482,114;482,115;482,116;482,117;482,118;482,120;481,122;480,123;479,123;478,123;476,123;475,124;475,125;474,125;474,126;473,128;473,130;471,131;470,131;469,132;469,133;469,134;469,136;469,137;469,139;467,139;466,140;466,141;466,142;466,143;466,145;466,146;466,147;467,148;468,150;469,151;470,152;472,154;473,154;475,155;476,157;479,159;480,159;480,160;481,161;482,162;482,164;483,164;484,165;484,166;485,167;486,170;486,171;486,172;486,173;487,174;488,175;488,176;488,178;488,179;488,181;488,182;488,183;488,184;491,187;491,188;491,189;493,191;
Stroma; POLYGON; 128, 128, 128; 568,173;566,173;565,172;562,171;562,169;561,168;560,167;559,166;558,165;557,165;556,163;554,162;553,162;551,162;550,162;549,162;548,161;548,159;547,158;547,157;547,156;547,155;547,153;547,151;547,150;547,149;547,148;547,147;547,146;546,145;545,144;545,143;545,142;545,141;544,140;543,138;542,138;539,136;538,136;538,135;537,135;536,135;535,135;534,134;533,133;532,133;531,133;529,131;525,131;524,130;523,130;522,130;521,129;520,129;518,129;516,129;515,129;514,129;513,128;512,128;511,128;510,128;510,127;508,127;505,126;504,125;503,125;502,125;500,124;499,124;498,124;497,123;496,122;494,122;492,121;490,119;489,119;487,118;486,117;485,117;484,116;483,116;482,116;481,116;480,116;478,115;475,115;472,115;468,115;466,113;464,113;462,113;460,112;458,112;455,110;453,108;450,106;447,104;443,101;440,99;439,98;438,96;436,95;435,91;434,90;433,88;432,84;432,82;431,80;431,77;431,75;431,72;430,70;430,67;430,64;430,62;430,59;430,58;430,57;430,56;430,55;432,53;433,52;434,52;435,52;437,51;438,51;439,50;441,50;443,50;445,49;446,49;449,49;453,49;456,49;458,49;461,49;463,49;465,49;466,49;467,49;470,49;474,49;477,49;480,49;483,49;486,49;489,49;491,49;492,49;493,50;494,51;495,51;496,53;496,54;498,54;499,55;500,56;500,57;501,59;501,60;501,61;501,62;503,64;503,65;503,66;504,66;504,67;504,68;505,69;506,70;510,71;510,72;511,73;512,74;514,75;516,76;518,77;519,78;521,79;522,79;523,80;525,81;527,84;529,84;531,86;533,87;537,89;540,91;543,92;546,93;548,94;551,95;552,95;552,96;552,97;554,98;555,99;557,100;559,101;561,104;562,104;564,105;566,107;570,108;573,112;575,113;577,114;579,115;583,119;585,120;587,122;589,123;592,126;597,129;600,130;605,133;607,135;610,135;613,137;614,138;617,141;618,142;621,144;624,145;626,148;628,150;629,150;630,152;631,154;631,155;633,157;636,160;636,161;638,162;639,163;641,167;641,168;642,169;643,170;644,172;645,174;645,176;648,179;648,181;649,182;649,184;649,185;650,185;650,186;650,187;650,188;650,189;650,191;650,192;650,193;650,194;649,195;648,196;647,197;646,197;645,197;643,198;643,199;642,199;640,199;639,199;638,199;636,199;634,199;633,199;632,199;631,199;
Stroma; POLYGON; 128, 128, 128; 452,62;451,60;449,59;446,58;442,56;441,54;439,53;436,52;432,51;430,49;427,47;424,47;421,45;416,43;414,43;410,42;407,41;404,40;399,39;396,39;393,37;389,35;388,34;384,33;383,33;382,31;380,30;380,29;377,28;374,26;371,25;369,25;366,25;363,22;361,21;359,21;357,21;355,21;354,20;351,19;350,19;347,19;345,19;343,19;341,16;339,16;338,16;335,16;334,16;331,16;329,16;326,16;324,16;321,16;318,16;314,16;311,16;309,16;306,16;303,16;301,16;299,16;297,16;296,16;293,16;290,16;287,16;283,16;280,16;276,16;275,16;273,16;272,17;271,17;269,17;266,17;264,17;262,17;259,17;258,17;255,17;253,17;251,17;249,17;248,17;245,18;242,18;241,18;239,18;238,18;236,18;234,19;231,19;231,20;230,20;229,20;226,20;224,22;221,23;219,23;216,24;213,24;210,25;208,26;207,27;207,28;206,29;205,30;205,31;204,31;204,32;203,32;202,34;202,35;201,37;201,40;201,41;201,43;201,45;201,46;201,47;201,48;201,49;201,50;201,51;201,52;201,53;201,54;201,55;201,56;201,57;201,58;201,59;201,60;201,61;201,62;201,64;201,65;201,66;201,67;201,68;201,69;201,70;201,71;201,73;201,75;201,76;201,79;201,80;201,81;201,82;201,84;201,85;201,87;201,89;201,90;201,92;201,93;201,94;201,95;201,97;201,98;202,98;202,99;203,99;206,100;207,100;210,100;211,100;213,100;214,100;215,100;218,100;220,100;221,100;222,100;223,99;224,99;225,99;226,99;227,99;228,98;228,97;228,96;229,96;229,95;230,95;230,93;230,92;231,90;231,89;231,88;231,87;232,86;233,84;233,83;233,82;234,82;236,82;239,82;241,82;244,82;245,82;246,82;247,82;248,82;249,82;250,82;252,82;253,82;254,82;256,82;257,82;258,82;260,82;261,82;262,82;263,82;264,84;265,85;267,86;269,87;270,88;271,88;272,88;273,88;275,88;279,88;281,88;284,88;286,88;289,88;291,88;293,88;294,88;296,88;298,88;301,88;304,88;306,88;309,88;312,88;316,88;321,88;326,88;330,88;334,88;337,88;340,87;343,87;348,87;354,87;360,87;367,87;373,87;378,87;383,87;384,87;385,87;387,87;391,87;394,87;398,87;400,87;403,87;406,87;407,87;408,87;410,88;412,88;414,91;415,91;415,92;
Stroma; POLYGON; 128, 128, 128; 482,67;482,65;482,63;481,60;478,57;474,55;471,53;469,51;469,50;467,49;466,48;465,47;463,44;460,44;457,43;454,42;450,41;444,40;439,39;433,39;432,39;430,37;429,36;428,36;427,34;425,32;424,32;423,32;421,31;420,31;420,30;419,30;418,30;417,30;414,30;412,30;409,30;407,30;405,30;402,31;398,32;393,35;388,38;383,42;379,45;377,47;374,51;373,52;371,54;370,54;369,57;369,59;369,62;369,65;369,68;369,71;369,73;369,75;369,79;369,80;371,83;372,86;374,87;376,91;377,92;379,93;
Stroma; POLYGON; 128, 128, 128; 500,65;499,64;498,63;496,62;494,61;491,59;489,58;488,57;487,57;486,56;485,56;483,55;482,55;481,54;479,53;474,50;471,50;467,49;465,49;462,46;459,45;458,43;455,43;455,42;454,41;450,40;447,39;444,38;441,37;437,37;435,35;433,35;432,33;431,32;430,31;429,30;428,30;424,29;422,26;421,26;419,25;418,25;418,24;416,24;413,23;412,23;410,22;407,22;406,21;404,21;402,21;400,21;399,21;398,21;397,21;395,21;393,21;391,21;388,21;385,21;382,21;379,21;376,21;374,21;372,21;369,21;365,22;363,22;360,24;359,24;356,25;353,28;348,30;345,33;343,33;341,35;335,37;328,39;321,42;314,45;308,49;303,52;298,55;295,59;292,63;291,66;289,69;288,73;288,78;
Stroma; POLYGON; 128, 128, 128; 260,26;257,25;254,24;253,24;251,24;249,24;247,24;244,27;243,27;241,28;239,28;236,28;233,29;230,29;227,30;224,32;222,33;219,34;219,35;218,36;216,37;215,38;213,40;210,40;207,40;204,40;202,40;201,40;198,41;197,42;195,44;194,45;193,45;192,46;190,47;189,49;187,49;185,50;184,52;183,52;182,52;181,54;179,56;177,58;176,59;174,60;172,61;169,64;167,65;166,66;165,67;163,69;161,71;160,72;157,76;156,78;155,80;153,83;153,84;153,85;152,87;152,90;152,92;152,96;151,99;151,100;151,102;151,103;151,105;151,106;151,109;151,110;151,111;151,112;151,113;152,113;153,114;155,114;157,114;158,114;158,115;159,115;161,115;163,115;164,115;165,115;166,115;169,114;170,113;171,112;173,111;174,111;176,111;177,110;179,110;181,110;185,110;187,110;188,109;188,108;188,106;188,105;189,105;189,104;
Stroma; POLYGON; 128, 128, 128; 177,73;176,73;174,73;172,72;171,72;170,72;169,72;167,72;166,72;163,72;160,72;158,73;157,75;153,76;152,78;148,80;144,83;141,85;136,86;134,88;131,90;130,90;127,93;125,95;123,96;121,99;120,100;118,102;115,103;113,104;110,105;108,106;106,107;106,110;104,113;103,115;100,117;98,120;96,121;95,124;94,124;92,128;91,129;90,132;90,134;90,137;90,141;90,144;90,146;90,148;90,151;90,153;90,154;90,156;90,157;90,158;90,159;91,159;92,159;95,159;98,159;
Stroma; POLYGON; 128, 128, 128; 121,155;118,154;114,154;113,154;109,154;105,154;103,154;102,154;101,154;100,155;99,156;97,157;96,161;95,162;94,162;94,163;92,166;90,167;90,168;89,170;88,172;88,173;88,174;86,175;85,178;85,180;85,181;85,182;83,185;82,185;82,186;82,188;82,189;82,190;82,192;83,193;83,194;86,195;86,196;87,196;88,196;90,196;91,196;93,196;95,196;97,196;100,196;103,196;106,196;109,196;111,196;113,194;114,192;116,191;118,188;120,185;122,182;127,180;130,180;132,178;133,178;133,177;133,176;132,173;129,169;126,165;
Stroma; POLYGON; 128, 128, 128; 1260,194;1261,195;1263,197;1264,198;1264,200;1265,202;1266,206;1267,208;1267,210;1269,213;1269,214;1269,216;1269,219;1271,221;1271,223;1271,225;1271,227;1271,229;1272,231;1272,233;1272,235;1272,236;1272,237;1272,238;1272,239;1272,240;1272,241;1272,242;1272,243;1272,242;
Stroma; POLYGON; 128, 128, 128; 945,478;946,478;948,479;951,481;951,482;952,483;953,484;955,486;958,491;960,494;962,496;965,500;968,505;971,509;974,514;976,518;978,523;980,527;980,532;981,536;983,538;983,540;983,543;983,544;985,548;985,549;986,551;986,553;986,554;986,555;987,557;987,558;988,560;988,561;988,562;988,565;988,567;988,569;988,571;988,574;988,578;988,580;991,583;991,586;991,589;991,592;991,594;991,595;991,598;991,600;990,600;990,602;990,603;990,606;990,609;990,612;989,614;988,617;986,620;986,622;986,625;985,627;985,631;984,632;984,636;984,640;984,642;984,644;983,646;982,646;981,648;981,650;980,651;980,652;980,653;980,656;980,659;979,662;978,664;977,666;975,670;975,671;974,672;972,675;972,677;971,680;970,683;969,685;969,687;967,691;966,691;964,694;962,696;961,697;961,699;960,702;958,704;958,706;956,708;955,709;955,710;954,710;953,713;952,714;951,715;951,716;951,717;950,718;949,720;948,722;947,724;947,725;945,727;945,729;944,729;942,731;941,732;940,733;939,734;938,735;937,736;935,738;935,740;935,742;932,745;927,749;926,750;923,753;918,755;915,755;912,755;908,756;906,756;903,757;900,759;896,760;893,760;890,762;887,763;883,764;877,764;870,764;862,764;853,764;844,764;833,764;824,764;816,764;809,764;804,765;802,765;801,766;800,766;799,765;798,764;
Stroma; POLYGON; 128, 128, 128; 385,892;384,892;383,892;382,892;381,894;380,894;379,895;379,896;379,897;379,898;378,899;378,900;378,901;378,902;378,903;378,905;378,907;378,909;378,910;377,910;377,911;377,912;377,913;377,914;377,915;377,916;377,917;376,919;376,920;376,921;376,922;375,924;375,926;375,927;375,930;377,932;377,933;379,934;382,938;385,939;387,940;390,942;394,943;401,946;408,948;416,950;423,952;429,954;435,955;439,955;440,955;442,955;444,955;448,955;453,955;456,956;460,956;462,957;463,957;464,957;466,957;469,957;471,957;474,957;477,957;480,957;483,957;486,957;486,956;489,956;491,956;494,956;496,956;500,956;503,956;505,956;508,956;511,956;515,956;519,956;524,956;528,956;532,956;536,956;540,956;544,956;550,956;554,956;558,956;562,956;566,956;569,956;571,956;575,956;578,956;582,956;586,956;589,956;592,956;594,956;596,956;598,955;600,954;603,954;606,954;611,954;618,954;625,954;631,954;637,954;642,954;646,954;648,954;651,953;652,952;655,952;659,952;661,952;665,952;667,952;671,952;676,952;679,952;681,951;682,951;683,950;685,950;687,950;689,950;692,950;697,950;703,950;707,950;711,949;712,948;713,947;713,945;715,944;715,943;716,942;717,941;719,938;720,937;721,937;723,935;724,935;725,932;726,930;727,929;729,925;729,923;732,921;733,920;736,917;739,915;740,914;741,914;742,913;742,912;743,910;743,909;745,908;746,904;750,903;754,901;756,900;759,900;761,899;763,898;764,897;766,896;766,895;767,893;769,891;772,889;773,886;776,884;778,883;782,881;783,879;785,878;786,877;787,877;787,876;789,873;790,870;791,868;791,864;792,862;794,859;796,855;799,851;802,845;803,841;806,837;809,832;812,827;814,824;816,822;817,819;818,814;818,810;818,806;818,803;818,799;818,796;818,793;817,789;814,783;811,776;807,769;803,763;799,757;793,750;788,744;783,738;778,733;772,728;766,723;759,719;750,715;739,711;724,707;697,700;657,693;612,686;570,680;542,677;527,676;517,676;509,676;508,676;
Stroma; POLYGON; 128, 128, 128; 176,815;178,815;178,816;179,816;180,816;180,817;182,817;183,817;184,819;185,821;185,822;185,823;185,824;185,826;185,827;185,828;183,829;182,829;181,829;180,830;179,832;178,833;177,834;175,834;174,834;173,835;172,836;171,836;170,836;169,836;167,838;166,839;165,839;164,840;163,840;162,840;161,841;159,841;158,841;157,841;156,841;154,841;152,841;149,841;148,841;147,841;146,841;145,841;144,841;142,840;141,839;140,838;140,837;139,836;138,835;136,834;135,834;134,833;133,832;132,832;131,832;130,833;129,833;128,834;126,835;122,837;122,839;121,840;120,842;120,843;120,845;119,848;117,851;117,854;117,855;116,856;116,858;115,859;115,860;115,861;114,863;114,865;114,866;114,867;114,869;114,870;113,871;112,872;112,873;112,875;112,877;112,878;113,878;113,880;113,881;115,882;115,884;117,886;117,887;118,888;119,889;120,889;120,890;121,890;122,891;123,892;123,893;125,895;129,896;130,898;131,899;132,899;133,900;134,900;135,900;137,902;139,904;143,906;145,906;147,907;149,909;151,909;152,909;154,911;156,911;159,912;161,913;165,915;167,915;169,915;170,915;171,915;172,915;173,915;175,915;177,916;181,918;183,918;185,918;186,918;186,919;187,919;189,920;190,920;193,921;196,921;199,922;200,922;201,922;203,922;205,924;207,924;211,926;216,926;219,926;221,926;222,926;223,926;225,926;226,926;229,926;231,927;232,927;234,927;235,927;236,927;237,927;238,927;239,926;240,925;241,924;242,924;242,923;242,922;243,922;244,921;244,919;244,918;244,917;244,916;245,915;245,914;245,913;245,912;246,911;247,911;247,910;247,909;248,908;249,908;250,906;250,905;250,904;250,903;251,902;251,901;251,899;252,898;252,897;253,896;253,895;253,893;253,891;253,889;253,886;255,883;255,881;255,879;255,876;255,873;256,869;257,865;257,859;257,851;257,842;
